crime_date,day_of_week,month,year,temp,prcp,wdsp,fog,total_crimes
2015-01-11,1,1,2015,25.8,0.0,9.4,0,651
2015-01-18,1,1,2015,36.8,0.0,11.6,0,699
2015-01-25,1,1,2015,31.1,0.0,10.9,0,646
2015-02-08,1,2,2015,36.0,0.0,6.6,0,616
2015-02-15,1,2,2015,4.5,0.0,10.3,0,555
2015-02-22,1,2,2015,21.4,0.0,8.9,0,593
2015-03-01,1,3,2015,18.3,0.04,4.9,0,758
2015-03-08,1,3,2015,34.9,0.0,7.0,0,625
2015-03-15,1,3,2015,45.2,0.0,7.1,0,779
2015-03-22,1,3,2015,32.4,0.0,8.6,0,657
2015-03-29,1,3,2015,31.6,0.0,12.8,0,619
2015-04-05,1,4,2015,53.5,0.0,8.5,0,675
2015-04-12,1,4,2015,54.7,0.0,8.7,0,773
2015-04-19,1,4,2015,55.6,0.0,8.3,0,703
2015-04-26,1,4,2015,44.8,0.16,9.9,0,718
2015-05-03,1,5,2015,67.4,0.0,7.4,0,745
2015-05-17,1,5,2015,72.3,0.01,12.6,0,837
2015-05-24,1,5,2015,66.1,0.0,5.9,0,687
2015-05-31,1,5,2015,47.5,0.39,17.0,0,667
2015-06-07,1,6,2015,65.7,0.0,9.0,0,740
2015-06-14,1,6,2015,73.3,0.68,6.8,0,798
2015-06-21,1,6,2015,73.5,0.31,7.6,0,783
2015-06-28,1,6,2015,67.5,0.0,3.2,0,797
2015-07-05,1,7,2015,72.4,0.0,4.0,0,898
2015-07-12,1,7,2015,73.6,0.03,4.5,0,801
2015-07-19,1,7,2015,79.4,0.54,8.2,0,764
2015-07-26,1,7,2015,74.7,0.0,4.1,0,802
2015-08-02,1,8,2015,79.6,0.0,11.7,0,822
2015-08-09,1,8,2015,71.8,0.0,4.4,0,745
2015-08-16,1,8,2015,78.7,0.14,5.2,0,865
2015-08-23,1,8,2015,71.5,0.0,9.8,0,806
2015-08-30,1,8,2015,68.4,0.25,3.3,0,802
2015-09-06,1,9,2015,79.9,0.0,7.9,0,818
2015-09-13,1,9,2015,58.1,0.0,6.2,0,733
2015-09-20,1,9,2015,60.4,0.05,2.6,0,811
2015-09-27,1,9,2015,67.4,0.0,6.3,0,803
2015-10-04,1,10,2015,51.9,0.01,11.0,0,654
2015-10-11,1,10,2015,61.5,0.0,9.3,0,735
2015-10-18,1,10,2015,44.6,0.0,3.9,0,675
2015-10-25,1,10,2015,51.3,0.41,5.8,0,731
2015-11-01,1,11,2015,52.7,0.08,10.4,0,998
2015-11-08,1,11,2015,40.8,0.0,4.3,0,705
2015-11-15,1,11,2015,52.5,0.0,8.3,0,724
2015-11-22,1,11,2015,19.1,0.98,7.9,0,521
2015-11-29,1,11,2015,32.7,0.0,6.5,0,612
2015-12-06,1,12,2015,35.8,0.0,5.6,0,688
2015-12-20,1,12,2015,34.2,0.0,10.6,0,693
2016-01-03,1,1,2016,26.8,0.0,11.4,0,618
2016-01-10,1,1,2016,19.0,0.27,15.8,0,598
2016-01-17,1,1,2016,7.5,0.0,14.2,0,537
2016-01-24,1,1,2016,27.1,0.0,7.6,0,677
2016-01-31,1,1,2016,42.2,0.0,6.5,0,666
2016-02-07,1,2,2016,37.6,0.0,10.5,0,616
2016-02-21,1,2,2016,39.6,0.0,8.2,0,708
2016-02-28,1,2,2016,51.7,0.0,16.9,0,625
2016-03-06,1,3,2016,38.8,0.0,9.2,0,714
2016-03-13,1,3,2016,46.8,0.33,8.0,0,628
2016-03-20,1,3,2016,36.8,0.0,8.4,0,687
2016-03-27,1,3,2016,46.9,0.0,6.8,0,631
2016-04-03,1,4,2016,40.1,0.02,13.4,0,708
2016-04-10,1,4,2016,37.1,0.03,14.3,0,705
2016-04-17,1,4,2016,62.5,0.0,5.0,0,709
2016-04-24,1,4,2016,56.2,0.0,6.9,0,756
2016-05-01,1,5,2016,45.2,0.63,11.8,0,825
2016-05-08,1,5,2016,55.0,0.01,4.1,0,730
2016-05-15,1,5,2016,45.0,0.0,8.5,0,742
2016-05-22,1,5,2016,66.2,0.0,6.4,0,750
2016-05-29,1,5,2016,71.8,0.13,11.6,0,798
2016-06-05,1,6,2016,68.2,0.43,9.8,0,779
2016-06-12,1,6,2016,71.4,0.0,10.5,0,852
2016-06-19,1,6,2016,77.7,0.0,5.7,0,811
2016-06-26,1,6,2016,81.3,0.0,9.2,0,775
2016-07-03,1,7,2016,68.0,0.0,6.0,0,782
2016-07-10,1,7,2016,72.4,0.0,3.8,0,760
2016-07-17,1,7,2016,70.5,0.0,9.6,0,789
2016-07-24,1,7,2016,78.5,1.12,11.2,0,791
2016-07-31,1,7,2016,72.7,0.0,6.0,0,813
2016-08-07,1,8,2016,74.7,0.0,4.4,0,838
2016-08-14,1,8,2016,76.7,0.0,4.8,0,844
2016-08-21,1,8,2016,66.4,0.47,9.7,0,787
2016-08-28,1,8,2016,76.9,0.21,5.2,0,804
2016-09-04,1,9,2016,69.0,0.0,6.0,0,779
2016-09-11,1,9,2016,64.7,0.01,5.2,0,759
2016-09-18,1,9,2016,69.1,0.04,3.5,0,781
2016-09-25,1,9,2016,71.7,0.0,7.9,0,808
2016-10-09,1,10,2016,55.9,0.0,6.6,0,684
2016-10-16,1,10,2016,68.5,0.24,8.6,0,793
2016-10-23,1,10,2016,55.0,0.0,7.3,0,785
2016-10-30,1,10,2016,54.5,0.5,9.6,0,785
2016-11-06,1,11,2016,56.1,0.0,3.4,0,754
2016-11-13,1,11,2016,44.6,0.0,7.8,0,660
2016-11-20,1,11,2016,29.2,0.01,9.5,0,663
2016-11-27,1,11,2016,37.8,0.0,7.2,0,694
2016-12-18,1,12,2016,11.3,0.15,13.2,0,526
2016-12-25,1,12,2016,33.3,0.0,10.2,0,489
2017-01-01,1,1,2017,27.4,0.0,4.5,0,1277
2017-01-08,1,1,2017,9.2,0.0,8.2,0,591
2017-01-15,1,1,2017,26.0,0.0,2.4,0,656
2017-01-29,1,1,2017,26.8,0.0,8.9,0,634
2017-02-05,1,2,2017,32.7,0.0,11.0,0,695
2017-02-12,1,2,2017,39.3,0.0,12.9,0,679
2017-02-19,1,2,2017,51.1,0.0,2.8,0,674
2017-02-26,1,2,2017,32.3,0.0,11.1,0,576
2017-03-05,1,3,2017,41.4,0.0,12.8,0,662
2017-03-12,1,3,2017,26.5,0.0,4.7,0,553
2017-03-19,1,3,2017,40.8,0.0,5.6,0,605
2017-03-26,1,3,2017,51.3,0.56,6.8,0,702
2017-04-02,1,4,2017,49.7,0.0,4.9,0,691
2017-04-09,1,4,2017,64.1,0.0,15.7,0,761
2017-04-16,1,4,2017,68.1,0.68,12.2,0,687
2017-04-23,1,4,2017,54.5,0.0,3.5,0,703
2017-04-30,1,4,2017,43.6,2.03,14.3,0,658
2017-05-07,1,5,2017,48.3,0.0,8.3,0,630
2017-05-14,1,5,2017,62.4,0.0,6.3,0,712
2017-05-21,1,5,2017,60.8,0.39,9.1,0,792
2017-05-28,1,5,2017,67.6,0.0,5.4,0,706
2017-06-04,1,6,2017,80.1,0.0,7.5,0,820
2017-06-11,1,6,2017,81.8,0.0,13.1,0,813
2017-06-18,1,6,2017,74.4,0.31,10.0,0,785
2017-06-25,1,6,2017,64.0,0.02,11.0,0,794
2017-07-02,1,7,2017,74.4,0.0,9.0,0,780
2017-07-09,1,7,2017,73.4,0.0,6.1,0,822
2017-07-16,1,7,2017,71.8,0.0,9.6,0,812
2017-07-23,1,7,2017,78.8,0.01,5.0,0,842
2017-07-30,1,7,2017,73.3,0.0,5.3,0,818
2017-08-06,1,8,2017,70.7,0.0,3.7,0,865
2017-08-13,1,8,2017,68.8,0.0,3.4,0,730
2017-08-20,1,8,2017,75.1,0.0,4.5,0,776
2017-08-27,1,8,2017,68.4,0.0,7.6,0,756
2017-09-03,1,9,2017,68.1,0.25,6.0,0,757
2017-09-10,1,9,2017,60.8,0.0,5.7,0,741
2017-09-17,1,9,2017,76.6,0.0,6.6,0,812
2017-09-24,1,9,2017,81.1,0.0,5.6,0,813
2017-10-01,1,10,2017,59.1,0.0,7.5,0,861
2017-10-08,1,10,2017,64.6,0.41,9.2,0,718
2017-10-15,1,10,2017,60.2,3.3,14.2,0,639
2017-10-22,1,10,2017,65.6,0.0,13.9,0,741
2017-10-29,1,10,2017,39.9,0.0,6.8,0,696
2017-11-12,1,11,2017,37.6,0.01,3.2,0,666
2017-11-19,1,11,2017,34.6,0.51,13.7,0,690
2017-11-26,1,11,2017,37.5,0.0,6.8,0,666
2017-12-03,1,12,2017,42.8,0.0,3.6,0,677
2017-12-10,1,12,2017,25.9,0.03,9.4,0,663
2017-12-17,1,12,2017,35.5,0.0,4.1,0,731
2017-12-31,1,12,2017,0.4,0.0,7.1,0,542
2018-01-07,1,1,2018,16.9,0.0,12.0,0,534
2018-01-14,1,1,2018,11.8,0.0,5.8,0,566
2018-01-28,1,1,2018,35.3,0.0,6.1,0,673
2018-02-04,1,2,2018,25.8,0.06,12.7,0,513
2018-02-25,1,2,2018,40.5,0.17,17.0,0,658
2018-03-04,1,3,2018,37.7,0.0,8.6,0,649
2018-03-11,1,3,2018,34.3,0.0,8.0,0,620
2018-03-18,1,3,2018,39.9,0.0,3.8,0,690
2018-03-25,1,3,2018,33.8,0.0,12.9,0,677
2018-04-01,1,4,2018,32.3,0.09,8.8,0,746
2018-04-08,1,4,2018,30.7,0.0,5.2,0,618
2018-04-15,1,4,2018,35.2,0.79,13.6,0,603
2018-04-22,1,4,2018,50.1,0.0,8.1,0,699
2018-04-29,1,4,2018,43.3,0.0,5.9,0,725
2018-05-06,1,5,2018,62.3,0.0,8.6,0,716
2018-05-13,1,5,2018,52.2,1.24,7.0,0,690
2018-05-20,1,5,2018,51.2,0.01,11.4,0,767
2018-05-27,1,5,2018,82.8,0.0,4.1,0,884
2018-06-03,1,6,2018,66.6,0.31,10.6,0,835
2018-06-10,1,6,2018,64.5,1.33,6.4,0,734
2018-06-17,1,6,2018,85.9,0.0,8.8,0,830
2018-06-24,1,6,2018,72.7,0.0,6.5,0,871
2018-07-01,1,7,2018,85.1,0.0,11.3,0,993
2018-07-08,1,7,2018,74.8,0.0,3.8,0,827
2018-07-15,1,7,2018,80.2,0.19,3.5,0,812
2018-07-22,1,7,2018,70.7,0.17,13.9,0,795
2018-07-29,1,7,2018,71.9,0.0,2.9,0,776
2018-08-05,1,8,2018,84.7,0.0,11.4,0,860
2018-08-12,1,8,2018,78.7,0.0,4.8,0,844
2018-08-19,1,8,2018,75.6,0.0,5.1,0,793
2018-09-02,1,9,2018,79.8,0.16,7.3,0,832
2018-09-09,1,9,2018,64.3,0.0,14.4,0,667
2018-09-16,1,9,2018,76.1,0.0,6.2,0,816
2018-09-23,1,9,2018,59.7,0.0,3.5,0,739
2018-09-30,1,9,2018,56.6,0.03,5.7,0,744
2018-10-07,1,10,2018,57.9,0.04,10.2,0,718
2018-10-14,1,10,2018,46.4,0.0,4.2,0,703
2018-10-21,1,10,2018,37.4,0.0,8.2,0,645
2018-10-28,1,10,2018,47.2,0.12,8.6,0,717
2018-11-04,1,11,2018,48.0,0.09,11.9,0,686
2018-11-11,1,11,2018,32.5,0.0,7.5,0,648
2018-11-18,1,11,2018,32.8,0.13,6.6,0,631
2018-11-25,1,11,2018,38.4,0.01,8.6,0,577
2018-12-02,1,12,2018,41.4,1.18,7.1,0,711
2018-12-09,1,12,2018,24.3,0.0,2.9,0,692
2018-12-23,1,12,2018,32.8,0.0,7.0,0,639
2018-12-30,1,12,2018,25.5,0.03,10.0,0,671
2019-01-06,1,1,2019,37.9,0.0,8.4,0,665
2019-01-13,1,1,2019,29.7,0.13,13.2,0,574
2019-01-20,1,1,2019,11.9,0.02,13.5,0,494
2019-01-27,1,1,2019,3.8,0.06,5.6,0,523
2019-02-03,1,2,2019,42.3,0.0,9.7,0,597
2019-02-10,1,2,2019,23.4,0.0,6.8,0,639
2019-03-03,1,3,2019,22.2,0.0,9.7,0,552
2019-03-10,1,3,2019,36.6,0.56,16.5,0,613
2019-03-17,1,3,2019,34.8,0.0,5.8,0,614
2019-03-24,1,3,2019,45.5,0.0,4.2,0,650
2019-03-31,1,3,2019,30.7,0.07,11.1,0,638
2019-04-07,1,4,2019,56.3,0.0,6.3,0,703
2019-04-21,1,4,2019,58.3,0.0,5.9,0,646
2019-04-28,1,4,2019,39.1,0.79,11.1,0,606
2019-05-05,1,5,2019,58.3,0.0,5.0,0,779
2019-05-12,1,5,2019,46.2,0.12,10.1,0,633
2019-05-19,1,5,2019,62.7,0.48,10.7,0,776
2019-05-26,1,5,2019,70.0,0.0,5.5,0,828
2019-06-02,1,6,2019,60.1,0.0,7.3,0,737
2019-06-09,1,6,2019,68.8,0.0,6.5,0,806
2019-06-16,1,6,2019,57.0,0.09,7.1,0,722
2019-06-23,1,6,2019,73.1,0.03,9.2,0,810
2019-06-30,1,6,2019,77.7,0.0,4.7,0,808
2019-07-07,1,7,2019,70.2,0.0,13.0,0,777
2019-07-14,1,7,2019,79.4,0.0,7.0,0,791
2019-07-21,1,7,2019,73.6,0.79,10.0,0,775
2019-07-28,1,7,2019,81.1,0.0,10.0,0,833
2019-08-04,1,8,2019,78.7,0.0,4.6,0,845
2019-08-11,1,8,2019,74.4,0.0,7.2,0,802
2019-08-25,1,8,2019,68.6,0.0,7.5,0,767
2019-09-01,1,9,2019,66.9,0.45,5.3,0,906
2019-09-08,1,9,2019,65.1,0.0,7.7,0,722
2019-09-15,1,9,2019,70.6,0.47,8.7,0,785
2019-09-22,1,9,2019,72.2,0.33,10.4,0,658
2019-09-29,1,9,2019,60.9,0.53,9.1,0,712
2019-10-06,1,10,2019,58.6,0.27,8.9,0,670
2019-10-13,1,10,2019,45.4,0.0,9.8,0,697
2019-10-20,1,10,2019,56.3,0.0,5.3,0,720
2019-10-27,1,10,2019,48.6,2.22,12.3,0,702
2019-11-03,1,11,2019,38.8,0.0,7.4,0,721
2019-11-10,1,11,2019,40.6,0.0,6.2,0,652
2019-11-17,1,11,2019,32.9,0.0,6.2,0,702
2019-11-24,1,11,2019,38.0,0.0,7.9,0,700
2019-12-01,1,12,2019,39.3,0.34,8.0,0,740
2019-12-08,1,12,2019,38.5,0.0,10.3,0,672
2019-12-15,1,12,2019,23.5,0.0,7.3,0,658
2019-12-22,1,12,2019,39.7,0.0,7.8,0,682
2019-12-29,1,12,2019,51.9,0.94,8.9,0,690
2015-01-05,2,1,2015,2.2,0.04,12.4,0,524
2015-01-19,2,1,2015,31.8,0.0,4.3,0,709
2015-01-26,2,1,2015,23.2,0.08,6.6,0,656
2015-02-09,2,2,2015,25.6,0.01,12.2,0,607
2015-02-16,2,2,2015,11.8,0.03,4.1,0,539
2015-02-23,2,2,2015,4.2,0.0,9.4,0,572
2015-03-02,2,3,2015,21.3,0.02,7.1,0,659
2015-03-09,2,3,2015,36.8,0.0,4.6,0,726
2015-03-16,2,3,2015,58.0,0.0,10.9,0,780
2015-03-30,2,3,2015,46.0,0.01,9.4,0,719
2015-04-06,2,4,2015,45.5,0.0,5.1,0,676
2015-04-13,2,4,2015,60.1,0.19,11.5,0,735
2015-04-20,2,4,2015,48.6,0.47,12.3,0,744
2015-04-27,2,4,2015,46.3,0.0,9.8,0,722
2015-05-04,2,5,2015,65.1,0.42,8.6,0,779
2015-05-18,2,5,2015,72.1,0.0,13.3,0,758
2015-05-25,2,5,2015,70.4,0.36,12.7,0,709
2015-06-01,2,6,2015,51.2,0.0,8.9,0,959
2015-06-08,2,6,2015,73.1,0.36,10.5,0,682
2015-06-22,2,6,2015,75.2,0.0,7.8,0,780
2015-06-29,2,6,2015,68.1,0.26,3.6,0,752
2015-07-06,2,7,2015,74.2,0.0,7.3,0,757
2015-07-13,2,7,2015,75.7,0.29,8.7,0,783
2015-07-20,2,7,2015,74.5,0.0,6.3,0,778
2015-07-27,2,7,2015,77.2,0.0,7.2,0,836
2015-08-03,2,8,2015,75.7,0.53,10.0,0,730
2015-08-10,2,8,2015,75.1,0.0,4.8,0,810
2015-08-17,2,8,2015,78.6,0.0,6.2,0,741
2015-08-24,2,8,2015,65.0,0.0,11.5,0,724
2015-09-07,2,9,2015,81.5,0.0,7.3,0,809
2015-09-14,2,9,2015,65.3,0.0,9.2,0,791
2015-09-21,2,9,2015,62.1,0.0,4.6,0,735
2015-09-28,2,9,2015,69.6,0.0,4.3,0,754
2015-10-05,2,10,2015,57.0,0.0,6.8,0,756
2015-10-12,2,10,2015,67.1,0.0,12.4,0,733
2015-10-19,2,10,2015,54.9,0.0,13.9,0,787
2015-10-26,2,10,2015,49.2,0.0,3.6,0,781
2015-11-02,2,11,2015,57.9,0.0,8.4,0,786
2015-11-09,2,11,2015,41.7,0.0,2.6,0,685
2015-11-16,2,11,2015,51.6,0.0,9.7,0,745
2015-11-23,2,11,2015,28.4,0.0,9.1,0,650
2015-11-30,2,11,2015,40.1,0.0,8.4,0,668
2015-12-14,2,12,2015,54.7,1.1,15.0,0,739
2015-12-21,2,12,2015,46.3,0.43,13.3,0,650
2015-12-28,2,12,2015,33.5,0.04,17.9,0,516
2016-01-04,2,1,2016,26.9,0.0,9.5,0,625
2016-01-11,2,1,2016,5.1,0.0,8.7,0,513
2016-01-18,2,1,2016,0.6,0.0,12.9,0,516
2016-01-25,2,1,2016,30.6,0.0,6.8,0,744
2016-02-01,2,2,2016,36.0,0.02,5.5,0,856
2016-02-08,2,2,2016,30.9,0.0,9.1,0,571
2016-02-15,2,2,2016,20.7,0.1,7.3,0,554
2016-02-22,2,2,2016,35.1,0.0,3.4,0,638
2016-02-29,2,2,2016,40.8,0.08,14.1,0,646
2016-03-07,2,3,2016,51.3,0.0,13.0,0,794
2016-03-14,2,3,2016,46.9,0.6,4.4,0,686
2016-03-21,2,3,2016,38.4,0.0,5.7,0,699
2016-03-28,2,3,2016,45.1,0.32,10.8,0,743
2016-04-04,2,4,2016,40.6,0.0,14.1,0,661
2016-04-11,2,4,2016,47.7,0.07,10.3,0,676
2016-04-18,2,4,2016,65.7,0.0,3.3,0,738
2016-04-25,2,4,2016,69.0,0.0,10.7,0,758
2016-05-02,2,5,2016,49.3,0.49,10.7,0,757
2016-05-09,2,5,2016,55.9,0.0,10.1,0,731
2016-05-16,2,5,2016,55.7,0.0,10.7,0,782
2016-05-23,2,5,2016,66.1,0.0,5.7,0,782
2016-05-30,2,5,2016,74.5,0.0,5.6,0,820
2016-06-06,2,6,2016,71.2,0.03,10.3,0,793
2016-06-13,2,6,2016,67.9,0.0,5.7,0,795
2016-06-20,2,6,2016,83.4,0.0,11.6,0,858
2016-06-27,2,6,2016,79.6,0.03,9.1,0,770
2016-07-04,2,7,2016,70.8,0.0,6.5,0,849
2016-07-11,2,7,2016,78.3,0.0,8.4,0,701
2016-07-18,2,7,2016,78.6,0.25,5.1,0,799
2016-07-25,2,7,2016,79.0,0.93,7.2,0,827
2016-08-01,2,8,2016,74.7,0.0,5.2,0,887
2016-08-08,2,8,2016,76.9,0.0,8.7,0,805
2016-08-15,2,8,2016,74.5,0.0,6.0,0,845
2016-08-22,2,8,2016,67.1,0.0,3.8,0,728
2016-08-29,2,8,2016,75.7,0.0,5.4,0,885
2016-09-05,2,9,2016,73.2,0.0,8.2,0,822
2016-09-12,2,9,2016,66.5,0.0,7.5,0,793
2016-09-19,2,9,2016,71.4,0.0,6.4,0,713
2016-09-26,2,9,2016,65.9,0.01,13.0,0,764
2016-10-03,2,10,2016,61.9,0.03,3.2,0,773
2016-10-10,2,10,2016,56.0,0.0,4.5,0,726
2016-10-17,2,10,2016,71.8,0.05,12.5,0,817
2016-10-24,2,10,2016,53.7,0.0,9.2,0,772
2016-10-31,2,10,2016,47.9,0.0,6.6,0,867
2016-11-07,2,11,2016,53.8,0.0,3.8,0,738
2016-11-14,2,11,2016,48.4,0.0,6.9,0,671
2016-11-21,2,11,2016,30.1,0.0,4.7,0,683
2016-11-28,2,11,2016,44.1,0.28,15.2,0,693
2016-12-05,2,12,2016,31.9,0.5,7.6,0,677
2016-12-19,2,12,2016,-0.6,0.03,8.8,0,660
2017-01-02,2,1,2017,34.0,0.0,5.2,0,613
2017-01-09,2,1,2017,21.5,0.0,11.1,0,715
2017-01-16,2,1,2017,32.6,0.04,3.7,0,653
2017-01-23,2,1,2017,39.4,0.01,7.9,0,790
2017-01-30,2,1,2017,22.1,0.0,8.5,0,757
2017-02-06,2,2,2017,33.5,0.0,4.9,0,761
2017-02-13,2,2,2017,34.6,0.0,9.5,0,719
2017-02-20,2,2,2017,53.0,0.0,8.0,0,712
2017-02-27,2,2,2017,41.1,0.0,7.0,0,633
2017-03-06,2,3,2017,54.8,0.0,16.0,0,683
2017-03-13,2,3,2017,29.5,0.13,9.6,0,541
2017-03-20,2,3,2017,48.6,0.13,8.8,0,696
2017-04-03,2,4,2017,50.4,0.17,6.2,0,698
2017-04-10,2,4,2017,68.8,0.0,15.7,0,684
2017-04-17,2,4,2017,58.8,0.59,6.0,0,753
2017-04-24,2,4,2017,55.3,0.0,7.2,0,737
2017-05-08,2,5,2017,46.1,0.0,5.5,0,708
2017-05-15,2,5,2017,62.5,0.0,7.5,0,874
2017-05-22,2,5,2017,57.5,0.05,11.4,0,798
2017-05-29,2,5,2017,68.7,0.0,10.5,0,768
2017-06-05,2,6,2017,70.0,0.0,9.9,0,737
2017-06-12,2,6,2017,85.0,0.0,11.6,0,742
2017-06-19,2,6,2017,70.2,0.0,9.3,0,747
2017-06-26,2,6,2017,64.0,0.0,10.5,0,789
2017-07-03,2,7,2017,73.0,0.0,6.7,0,865
2017-07-10,2,7,2017,77.0,0.35,7.2,0,779
2017-07-17,2,7,2017,67.4,0.0,6.1,0,849
2017-07-24,2,7,2017,70.6,0.21,9.4,0,782
2017-07-31,2,7,2017,75.7,0.0,2.5,0,795
2017-08-07,2,8,2017,69.5,0.0,6.6,0,773
2017-08-14,2,8,2017,72.4,0.0,3.8,0,817
2017-08-21,2,8,2017,78.1,0.03,6.8,0,754
2017-08-28,2,8,2017,69.8,0.21,6.0,0,688
2017-09-04,2,9,2017,73.3,0.0,10.6,0,716
2017-09-11,2,9,2017,62.2,0.0,3.7,0,691
2017-09-18,2,9,2017,67.7,0.0,6.3,0,772
2017-09-25,2,9,2017,79.4,0.0,5.4,0,822
2017-10-02,2,10,2017,69.3,0.0,10.0,0,754
2017-10-09,2,10,2017,66.1,0.0,3.6,0,746
2017-10-16,2,10,2017,51.7,0.2,7.3,0,765
2017-10-23,2,10,2017,52.3,0.88,7.4,0,741
2017-10-30,2,10,2017,44.8,0.0,11.7,0,707
2017-11-06,2,11,2017,41.0,0.02,8.9,0,718
2017-11-13,2,11,2017,36.4,0.12,5.3,0,718
2017-11-20,2,11,2017,38.1,0.0,12.4,0,762
2017-11-27,2,11,2017,44.2,0.0,3.9,0,774
2017-12-04,2,12,2017,55.4,0.02,15.4,0,809
2017-12-11,2,12,2017,30.6,0.0,6.3,0,740
2017-12-18,2,12,2017,42.4,0.0,7.7,0,727
2017-12-25,2,12,2017,16.0,0.19,11.5,0,394
2018-01-01,2,1,2018,-2.0,0.0,10.4,0,1034
2018-01-08,2,1,2018,33.6,0.03,10.9,0,624
2018-01-15,2,1,2018,19.0,0.16,10.2,0,530
2018-01-29,2,1,2018,27.3,0.01,11.8,0,652
2018-02-05,2,2,2018,5.9,0.09,7.1,0,545
2018-02-12,2,2,2018,15.2,0.13,6.3,0,572
2018-02-26,2,2,2018,40.4,0.01,8.0,0,625
2018-03-05,2,3,2018,36.8,0.0,14.9,0,665
2018-03-12,2,3,2018,36.7,0.0,8.8,0,663
2018-03-19,2,3,2018,40.7,0.0,10.0,0,661
2018-03-26,2,3,2018,39.3,0.0,8.8,0,698
2018-04-02,2,4,2018,31.6,0.0,5.3,0,673
2018-04-09,2,4,2018,32.8,0.04,7.0,0,663
2018-04-16,2,4,2018,30.5,0.42,12.3,0,732
2018-04-23,2,4,2018,50.8,0.0,10.4,0,717
2018-04-30,2,4,2018,56.2,0.0,9.0,0,794
2018-05-07,2,5,2018,59.1,0.0,5.6,0,806
2018-05-14,2,5,2018,62.1,0.45,6.2,0,787
2018-05-28,2,5,2018,82.7,0.0,5.9,0,889
2018-06-04,2,6,2018,66.5,0.0,9.8,0,791
2018-06-11,2,6,2018,64.0,0.3,8.9,0,749
2018-06-18,2,6,2018,86.5,0.0,10.4,0,848
2018-06-25,2,6,2018,68.9,0.0,10.1,0,854
2018-07-02,2,7,2018,77.0,0.24,6.0,0,861
2018-07-09,2,7,2018,79.4,0.0,6.2,0,803
2018-07-16,2,7,2018,82.3,0.0,4.0,0,786
2018-07-23,2,7,2018,72.3,0.08,9.2,0,847
2018-07-30,2,7,2018,72.5,0.07,4.2,0,782
2018-08-06,2,8,2018,77.6,0.05,6.9,0,805
2018-08-13,2,8,2018,77.1,0.0,2.9,0,825
2018-08-20,2,8,2018,75.1,0.0,9.2,0,748
2018-08-27,2,8,2018,85.4,0.0,13.1,0,826
2018-09-10,2,9,2018,64.9,0.0,8.4,0,718
2018-09-17,2,9,2018,79.0,0.0,3.6,0,786
2018-09-24,2,9,2018,65.0,0.0,5.9,0,796
2018-10-01,2,10,2018,60.8,0.06,7.1,0,933
2018-10-08,2,10,2018,69.4,0.64,7.4,0,743
2018-10-15,2,10,2018,43.8,0.17,10.7,0,706
2018-10-22,2,10,2018,48.0,0.0,6.7,0,715
2018-10-29,2,10,2018,46.9,0.0,6.2,0,724
2018-11-05,2,11,2018,48.1,0.51,10.4,0,705
2018-11-12,2,11,2018,33.0,0.0,6.2,0,689
2018-11-19,2,11,2018,27.7,0.0,5.9,0,640
2018-12-03,2,12,2018,34.4,0.05,11.3,0,773
2018-12-10,2,12,2018,23.2,0.0,5.0,0,719
2018-12-17,2,12,2018,36.6,0.0,7.7,0,713
2018-12-24,2,12,2018,28.8,0.0,8.4,0,610
2018-12-31,2,12,2018,34.3,0.01,7.2,0,649
2019-01-07,2,1,2019,43.6,0.0,14.2,0,677
2019-01-14,2,1,2019,25.4,0.01,6.6,0,637
2019-01-21,2,1,2019,9.4,0.0,7.1,0,556
2019-02-04,2,2,2019,47.3,0.0,9.2,0,736
2019-02-11,2,2,2019,28.0,0.04,8.0,0,627
2019-02-18,2,2,2019,25.1,0.25,7.9,0,592
2019-02-25,2,2,2019,12.3,0.02,13.3,0,599
2019-03-04,2,3,2019,5.2,0.0,12.4,0,545
2019-03-11,2,3,2019,32.0,0.0,10.0,0,701
2019-03-18,2,3,2019,35.4,0.0,6.9,0,652
2019-03-25,2,3,2019,36.0,0.05,17.5,0,639
2019-04-01,2,4,2019,35.0,0.0,9.3,0,808
2019-04-08,2,4,2019,61.2,0.39,6.9,0,745
2019-04-15,2,4,2019,37.8,0.32,7.7,0,725
2019-04-22,2,4,2019,68.1,0.0,10.7,0,737
2019-04-29,2,4,2019,45.1,0.54,8.3,0,718
2019-05-06,2,5,2019,59.3,0.0,7.2,0,793
2019-05-13,2,5,2019,49.7,0.05,7.5,0,791
2019-05-20,2,5,2019,53.3,0.07,10.9,0,809
2019-05-27,2,5,2019,61.2,0.0,6.1,0,748
2019-06-03,2,6,2019,57.8,0.0,7.6,0,706
2019-06-10,2,6,2019,66.7,0.0,11.4,0,799
2019-06-17,2,6,2019,59.0,0.07,7.8,0,753
2019-06-24,2,6,2019,71.3,0.35,7.6,0,810
2019-07-01,2,7,2019,77.1,0.2,6.1,0,922
2019-07-08,2,7,2019,70.8,0.0,7.0,0,835
2019-07-15,2,7,2019,81.0,0.0,8.7,0,823
2019-07-22,2,7,2019,70.3,0.03,12.6,0,792
2019-07-29,2,7,2019,77.3,0.09,8.9,0,816
2019-08-05,2,8,2019,78.8,0.0,5.4,0,810
2019-08-12,2,8,2019,76.0,0.0,4.0,0,708
2019-08-19,2,8,2019,75.6,0.86,3.5,0,792
2019-08-26,2,8,2019,70.2,0.05,8.9,0,730
2019-09-02,2,9,2019,70.0,0.34,4.7,0,779
2019-09-09,2,9,2019,66.5,0.04,6.2,0,780
2019-09-16,2,9,2019,71.2,0.02,5.2,0,807
2019-09-23,2,9,2019,66.7,1.31,8.4,0,771
2019-10-07,2,10,2019,58.6,0.0,8.1,0,748
2019-10-14,2,10,2019,44.7,0.0,7.1,0,687
2019-10-28,2,10,2019,47.1,0.04,3.6,0,663
2019-11-04,2,11,2019,47.6,0.0,8.8,0,672
2019-11-11,2,11,2019,28.1,0.18,13.2,0,495
2019-11-18,2,11,2019,36.7,0.04,4.3,0,686
2019-11-25,2,11,2019,44.5,0.0,6.8,0,697
2019-12-02,2,12,2019,31.7,0.11,11.3,0,710
2019-12-09,2,12,2019,45.8,0.05,7.3,0,708
2019-12-16,2,12,2019,26.0,0.01,4.7,0,625
2019-12-23,2,12,2019,42.0,0.0,7.7,0,691
2019-12-30,2,12,2019,38.4,0.31,12.2,0,617
2015-01-06,3,1,2015,5.3,0.16,9.0,0,502
2015-01-13,3,1,2015,16.9,0.0,8.9,0,612
2015-01-20,3,1,2015,33.6,0.0,5.7,0,793
2015-01-27,3,1,2015,27.4,0.07,5.6,0,675
2015-02-10,3,2,2015,24.8,0.0,6.4,0,629
2015-02-17,3,2,2015,16.5,0.0,9.2,0,597
2015-02-24,3,2,2015,11.3,0.0,13.0,0,629
2015-03-03,3,3,2015,28.2,0.1,10.9,0,636
2015-03-17,3,3,2015,44.6,0.0,15.3,0,692
2015-03-24,3,3,2015,29.7,0.37,8.5,0,639
2015-03-31,3,3,2015,48.7,0.0,8.5,0,694
2015-04-07,3,4,2015,40.4,0.04,11.3,0,604
2015-04-14,3,4,2015,55.8,0.03,4.8,0,767
2015-04-21,3,4,2015,44.3,0.01,16.8,0,664
2015-04-28,3,4,2015,46.3,0.0,4.5,0,719
2015-05-05,3,5,2015,52.1,0.93,7.7,0,699
2015-05-12,3,5,2015,52.0,0.22,16.6,0,757
2015-05-19,3,5,2015,50.4,0.0,11.4,0,711
2015-05-26,3,5,2015,70.6,0.07,10.3,0,770
2015-06-02,3,6,2015,55.5,0.0,4.5,0,773
2015-06-09,3,6,2015,69.7,0.04,7.3,0,732
2015-06-16,3,6,2015,68.6,2.56,7.9,0,847
2015-06-23,3,6,2015,75.3,0.09,9.5,0,731
2015-06-30,3,6,2015,68.1,0.55,6.2,0,750
2015-07-07,3,7,2015,67.3,0.73,13.0,0,701
2015-07-14,3,7,2015,76.2,0.13,10.0,0,712
2015-07-21,3,7,2015,74.9,0.0,8.5,0,777
2015-07-28,3,7,2015,79.4,0.0,5.8,0,767
2015-08-04,3,8,2015,72.2,0.0,7.4,0,761
2015-08-11,3,8,2015,72.9,0.02,6.6,0,792
2015-08-18,3,8,2015,73.6,0.25,6.4,0,762
2015-08-25,3,8,2015,63.4,0.0,8.9,0,768
2015-09-01,3,9,2015,77.7,0.0,4.5,0,959
2015-09-15,3,9,2015,72.9,0.0,11.2,0,813
2015-09-22,3,9,2015,64.6,0.0,3.3,0,777
2015-09-29,3,9,2015,64.4,0.0,9.6,0,670
2015-10-06,3,10,2015,60.2,0.0,4.5,0,752
2015-10-13,3,10,2015,55.7,0.0,13.4,0,742
2015-10-20,3,10,2015,63.7,0.0,11.5,0,785
2015-10-27,3,10,2015,53.2,0.0,9.4,0,651
2015-11-03,3,11,2015,58.4,0.0,6.2,0,749
2015-11-10,3,11,2015,45.1,0.0,2.3,0,642
2015-11-17,3,11,2015,51.0,0.12,13.5,0,667
2015-11-24,3,11,2015,31.6,0.0,4.8,0,607
2015-12-01,3,12,2015,41.6,0.44,9.4,0,802
2015-12-08,3,12,2015,40.0,0.0,9.8,0,733
2015-12-15,3,12,2015,41.3,0.12,8.3,0,795
2015-12-22,3,12,2015,39.3,0.29,6.9,0,694
2015-12-29,3,12,2015,33.5,1.47,10.6,0,625
2016-01-05,3,1,2016,25.5,0.0,8.2,0,627
2016-01-12,3,1,2016,14.0,0.12,14.6,0,548
2016-01-19,3,1,2016,5.8,0.0,6.7,0,610
2016-01-26,3,1,2016,32.7,0.15,14.4,0,640
2016-02-02,3,2,2016,34.5,0.0,9.8,0,614
2016-02-09,3,2,2016,19.3,0.04,12.2,0,547
2016-02-16,3,2,2016,27.5,0.01,3.8,0,625
2016-02-23,3,2,2016,35.6,0.0,4.5,0,630
2016-03-08,3,3,2016,61.8,0.03,13.3,0,724
2016-03-15,3,3,2016,49.5,0.01,7.6,0,712
2016-03-22,3,3,2016,47.8,0.0,10.2,0,722
2016-03-29,3,3,2016,43.7,0.0,5.1,0,741
2016-04-05,3,4,2016,33.5,0.0,7.5,0,676
2016-04-12,3,4,2016,39.7,0.0,8.0,0,702
2016-04-19,3,4,2016,54.0,0.0,9.2,0,703
2016-04-26,3,4,2016,53.4,0.08,11.1,0,692
2016-05-03,3,5,2016,52.8,0.0,6.1,0,735
2016-05-10,3,5,2016,54.2,0.88,9.5,0,713
2016-05-17,3,5,2016,54.3,0.0,9.4,0,692
2016-05-24,3,5,2016,71.9,0.0,9.3,0,803
2016-05-31,3,5,2016,72.6,0.0,7.7,0,758
2016-06-07,3,6,2016,63.3,0.0,10.3,0,754
2016-06-14,3,6,2016,74.1,0.02,6.7,0,837
2016-06-21,3,6,2016,75.5,0.0,8.7,0,825
2016-06-28,3,6,2016,68.2,0.0,9.9,0,767
2016-07-05,3,7,2016,75.5,0.0,6.1,0,895
2016-07-12,3,7,2016,81.1,0.0,11.9,0,780
2016-07-19,3,7,2016,78.6,0.0,4.1,0,791
2016-07-26,3,7,2016,78.9,0.0,3.1,0,877
2016-08-02,3,8,2016,77.2,0.0,4.8,0,792
2016-08-09,3,8,2016,77.7,0.0,5.7,0,725
2016-08-16,3,8,2016,76.5,0.02,7.0,0,817
2016-08-23,3,8,2016,70.5,0.0,9.1,0,753
2016-08-30,3,8,2016,75.6,0.57,3.4,0,757
2016-09-06,3,9,2016,82.2,0.0,8.5,0,760
2016-09-13,3,9,2016,72.2,0.0,7.0,0,786
2016-09-20,3,9,2016,74.8,0.0,7.5,0,792
2016-09-27,3,9,2016,60.1,0.0,12.2,0,737
2016-10-04,3,10,2016,65.2,0.0,7.1,0,743
2016-10-11,3,10,2016,63.0,0.0,8.6,0,697
2016-10-18,3,10,2016,73.9,0.0,14.1,0,775
2016-10-25,3,10,2016,46.0,0.0,3.6,0,736
2016-11-01,3,11,2016,65.3,0.0,10.8,0,915
2016-11-08,3,11,2016,55.7,0.03,7.4,0,644
2016-11-22,3,11,2016,32.8,0.0,5.4,0,723
2016-11-29,3,11,2016,49.7,0.76,12.6,0,700
2016-12-13,3,12,2016,15.0,0.0,7.6,0,576
2016-12-20,3,12,2016,19.6,0.0,14.5,0,694
2016-12-27,3,12,2016,28.0,0.23,13.9,0,663
2017-01-10,3,1,2017,37.5,0.03,18.0,0,707
2017-01-17,3,1,2017,37.2,1.34,7.4,0,708
2017-01-24,3,1,2017,36.6,0.0,5.7,0,735
2017-01-31,3,1,2017,36.0,0.04,13.6,0,735
2017-02-14,3,2,2017,39.7,0.0,10.9,0,712
2017-02-21,3,2,2017,60.1,0.03,8.4,0,679
2017-02-28,3,2,2017,51.3,0.01,11.7,0,631
2017-03-07,3,3,2017,55.1,0.24,20.4,0,685
2017-03-21,3,3,2017,43.7,0.0,8.1,0,651
2017-03-28,3,3,2017,43.8,0.0,9.3,0,673
2017-04-04,3,4,2017,48.9,0.2,8.9,0,713
2017-04-18,3,4,2017,55.4,0.0,9.3,0,736
2017-04-25,3,4,2017,63.7,0.0,9.2,0,758
2017-05-02,3,5,2017,45.8,0.1,15.8,0,689
2017-05-09,3,5,2017,48.1,0.15,6.3,0,707
2017-05-16,3,5,2017,74.1,0.02,10.2,0,748
2017-05-23,3,5,2017,60.7,0.01,7.4,0,739
2017-05-30,3,5,2017,64.2,0.0,9.5,0,814
2017-06-06,3,6,2017,64.5,0.0,12.6,0,827
2017-06-13,3,6,2017,79.9,0.0,6.5,0,810
2017-06-20,3,6,2017,67.2,0.03,9.0,0,803
2017-06-27,3,6,2017,64.6,0.0,7.0,0,772
2017-07-04,3,7,2017,72.3,0.04,7.0,0,796
2017-07-11,3,7,2017,76.4,0.38,4.3,0,770
2017-07-18,3,7,2017,73.7,0.0,3.6,0,792
2017-07-25,3,7,2017,71.2,0.0,6.6,0,850
2017-08-01,3,8,2017,76.5,0.0,3.7,0,968
2017-08-08,3,8,2017,70.2,0.0,4.9,0,771
2017-08-15,3,8,2017,75.4,0.0,5.8,0,795
2017-08-22,3,8,2017,75.9,0.02,11.5,0,781
2017-08-29,3,8,2017,67.7,0.16,4.5,0,724
2017-09-05,3,9,2017,63.2,0.0,10.8,0,706
2017-09-12,3,9,2017,65.0,0.0,6.0,0,727
2017-09-19,3,9,2017,69.9,0.07,6.2,0,709
2017-09-26,3,9,2017,80.0,0.0,6.8,0,749
2017-10-03,3,10,2017,72.8,0.0,13.1,0,738
2017-10-10,3,10,2017,61.6,0.0,10.9,0,705
2017-10-17,3,10,2017,57.0,0.0,9.3,0,718
2017-10-24,3,10,2017,48.4,0.52,10.6,0,690
2017-10-31,3,10,2017,37.8,0.0,12.6,0,758
2017-11-07,3,11,2017,40.0,0.0,8.9,0,677
2017-11-14,3,11,2017,38.9,0.0,7.5,0,700
2017-11-21,3,11,2017,42.9,0.0,15.6,0,673
2017-11-28,3,11,2017,55.3,0.0,15.0,0,785
2017-12-05,3,12,2017,41.4,0.14,21.4,0,714
2017-12-12,3,12,2017,24.1,0.09,14.3,0,686
2017-12-19,3,12,2017,43.4,0.01,10.9,0,767
2017-12-26,3,12,2017,2.5,0.01,9.1,0,527
2018-01-02,3,1,2018,-2.4,0.0,8.0,0,564
2018-01-09,3,1,2018,30.9,0.0,5.8,0,652
2018-01-16,3,1,2018,15.5,0.07,10.4,0,614
2018-01-23,3,1,2018,35.5,0.47,11.2,0,719
2018-01-30,3,1,2018,21.0,0.0,6.1,0,637
2018-02-06,3,2,2018,11.9,0.22,4.8,0,588
2018-02-13,3,2,2018,20.0,0.0,4.7,0,647
2018-02-20,3,2,2018,58.8,1.44,13.2,0,649
2018-02-27,3,2,2018,48.2,0.0,10.4,0,693
2018-03-06,3,3,2018,35.1,0.11,9.1,0,654
2018-03-20,3,3,2018,33.1,0.0,15.8,0,715
2018-03-27,3,3,2018,48.9,0.37,9.9,0,675
2018-04-03,3,4,2018,38.9,0.0,9.2,0,606
2018-04-10,3,4,2018,35.7,0.07,5.4,0,715
2018-04-17,3,4,2018,34.7,0.01,11.7,0,698
2018-04-24,3,4,2018,54.6,0.0,7.2,0,713
2018-05-01,3,5,2018,72.2,0.0,12.9,0,1017
2018-05-08,3,5,2018,68.5,0.0,5.8,0,807
2018-05-15,3,5,2018,63.8,1.09,7.9,0,746
2018-05-29,3,5,2018,76.6,0.0,5.6,0,877
2018-06-05,3,6,2018,67.0,0.01,10.4,0,753
2018-06-12,3,6,2018,69.3,0.04,5.1,0,795
2018-06-19,3,6,2018,70.9,0.38,7.9,0,795
2018-06-26,3,6,2018,73.3,0.0,9.2,0,794
2018-07-03,3,7,2018,77.7,0.0,5.3,0,826
2018-07-10,3,7,2018,82.1,0.0,9.3,0,812
2018-07-17,3,7,2018,76.6,0.08,8.3,0,746
2018-07-24,3,7,2018,75.1,0.0,4.0,0,800
2018-07-31,3,7,2018,72.9,0.0,7.3,0,830
2018-08-14,3,8,2018,79.2,0.0,4.1,0,829
2018-08-21,3,8,2018,71.7,0.82,8.3,0,722
2018-08-28,3,8,2018,82.2,0.0,13.1,0,807
2018-09-04,3,9,2018,79.3,1.45,6.5,0,822
2018-09-11,3,9,2018,66.9,0.0,2.7,0,694
2018-09-18,3,9,2018,73.3,0.0,5.6,0,738
2018-09-25,3,9,2018,72.9,0.01,6.7,0,751
2018-10-02,3,10,2018,62.1,1.56,5.5,0,719
2018-10-09,3,10,2018,76.3,0.15,8.1,0,746
2018-10-16,3,10,2018,43.4,0.1,9.7,0,669
2018-10-23,3,10,2018,49.2,0.0,7.0,0,736
2018-10-30,3,10,2018,51.5,0.0,6.1,0,769
2018-11-06,3,11,2018,47.7,0.41,11.9,0,765
2018-11-13,3,11,2018,24.6,0.0,9.8,0,612
2018-11-20,3,11,2018,31.4,0.0,9.1,0,700
2018-11-27,3,11,2018,23.6,0.01,7.6,0,638
2018-12-04,3,12,2018,30.5,0.01,7.9,0,724
2018-12-11,3,12,2018,29.6,0.0,7.6,0,671
2018-12-18,3,12,2018,32.9,0.0,4.6,0,721
2018-12-25,3,12,2018,33.7,0.0,3.7,0,449
2019-01-01,3,1,2019,30.7,0.86,8.9,0,1156
2019-01-08,3,1,2019,41.4,0.44,10.9,0,703
2019-01-15,3,1,2019,25.5,0.0,9.2,0,700
2019-01-22,3,1,2019,18.7,0.0,10.2,0,627
2019-01-29,3,1,2019,5.8,0.17,12.5,0,495
2019-02-05,3,2,2019,29.5,0.05,8.8,0,657
2019-02-12,3,2,2019,32.0,0.51,11.6,0,666
2019-02-19,3,2,2019,21.8,0.01,3.0,0,615
2019-02-26,3,2,2019,16.9,0.0,9.3,0,610
2019-03-05,3,3,2019,11.9,0.0,13.5,0,543
2019-03-12,3,3,2019,35.2,0.0,6.4,0,628
2019-03-19,3,3,2019,38.7,0.0,7.1,0,646
2019-03-26,3,3,2019,34.9,0.0,5.8,0,673
2019-04-02,3,4,2019,44.7,0.0,13.2,0,657
2019-04-09,3,4,2019,59.8,0.0,8.9,0,695
2019-04-16,3,4,2019,56.0,0.0,8.8,0,708
2019-04-23,3,4,2019,59.1,0.02,10.1,0,743
2019-04-30,3,4,2019,44.4,1.04,7.9,0,729
2019-05-07,3,5,2019,46.4,0.47,12.0,0,700
2019-05-14,3,5,2019,54.3,0.0,3.7,0,722
2019-05-21,3,5,2019,48.5,0.01,10.5,0,730
2019-05-28,3,5,2019,64.5,1.92,7.8,0,747
2019-06-04,3,6,2019,64.2,0.0,8.4,0,774
2019-06-11,3,6,2019,68.8,0.0,6.5,0,780
2019-06-25,3,6,2019,72.0,0.17,10.4,0,785
2019-07-02,3,7,2019,83.9,0.0,7.4,0,770
2019-07-09,3,7,2019,74.2,0.0,5.4,0,743
2019-07-16,3,7,2019,77.2,0.0,6.9,0,757
2019-07-23,3,7,2019,69.9,0.0,6.5,0,789
2019-07-30,3,7,2019,73.2,0.23,6.1,0,777
2019-08-06,3,8,2019,76.1,0.01,7.8,0,787
2019-08-13,3,8,2019,75.2,0.5,5.3,0,764
2019-08-20,3,8,2019,74.3,0.0,3.7,0,733
2019-08-27,3,8,2019,71.6,1.35,8.8,0,733
2019-09-03,3,9,2019,72.3,0.05,9.5,0,684
2019-09-10,3,9,2019,78.0,0.01,9.4,0,725
2019-09-17,3,9,2019,69.3,0.0,6.0,0,782
2019-09-24,3,9,2019,66.9,0.0,8.2,0,758
2019-10-01,3,10,2019,78.6,0.0,8.5,0,894
2019-10-08,3,10,2019,57.1,0.0,2.4,0,712
2019-10-15,3,10,2019,50.0,0.0,7.0,0,746
2019-10-22,3,10,2019,50.0,0.05,15.5,0,660
2019-10-29,3,10,2019,40.3,0.15,7.0,0,637
2019-11-05,3,11,2019,37.7,0.0,8.2,0,637
2019-11-12,3,11,2019,13.4,0.04,11.2,0,550
2019-11-19,3,11,2019,37.2,0.0,3.2,0,687
2019-11-26,3,11,2019,41.2,0.0,5.8,0,678
2019-12-03,3,12,2019,32.4,0.0,9.1,0,693
2019-12-10,3,12,2019,22.0,0.0,12.5,0,675
2019-12-17,3,12,2019,24.9,0.0,8.4,0,671
2019-12-31,3,12,2019,26.3,0.13,15.2,0,15
2015-01-07,4,1,2015,3.1,0.01,16.5,0,477
2015-01-14,4,1,2015,10.5,0.0,4.4,0,675
2015-01-21,4,1,2015,30.9,0.0,7.4,0,747
2015-01-28,4,1,2015,25.8,0.0,6.3,0,647
2015-02-04,4,2,2015,21.1,0.09,6.8,0,577
2015-02-11,4,2,2015,30.6,0.0,10.7,0,606
2015-02-18,4,2,2015,7.3,0.0,13.3,0,511
2015-02-25,4,2,2015,21.1,0.01,7.7,0,572
2015-03-04,4,3,2015,24.1,0.03,11.4,0,563
2015-03-11,4,3,2015,42.1,0.0,6.7,0,747
2015-03-18,4,3,2015,36.8,0.0,4.1,0,690
2015-03-25,4,3,2015,36.6,0.29,11.0,0,725
2015-04-01,4,4,2015,51.9,0.0,6.9,0,934
2015-04-15,4,4,2015,54.0,0.0,8.3,0,803
2015-04-22,4,4,2015,39.7,0.0,13.6,0,684
2015-04-29,4,4,2015,49.7,0.0,5.7,0,766
2015-05-13,4,5,2015,47.6,0.0,8.7,0,768
2015-05-20,4,5,2015,43.5,0.0,7.2,0,732
2015-05-27,4,5,2015,68.4,0.5,11.0,0,741
2015-06-03,4,6,2015,62.3,0.0,5.9,0,779
2015-06-10,4,6,2015,80.2,0.0,10.7,0,793
2015-06-17,4,6,2015,61.3,0.0,4.8,0,723
2015-06-24,4,6,2015,70.2,0.0,4.5,0,728
2015-07-01,4,7,2015,60.7,0.17,6.6,0,899
2015-07-08,4,7,2015,59.7,0.03,6.8,0,717
2015-07-15,4,7,2015,65.8,0.0,9.0,0,795
2015-07-22,4,7,2015,73.6,0.0,4.0,0,774
2015-07-29,4,7,2015,81.3,0.0,8.0,0,765
2015-08-05,4,8,2015,72.7,0.0,4.6,0,772
2015-08-12,4,8,2015,71.2,0.0,3.6,0,760
2015-08-19,4,8,2015,71.7,0.27,11.1,0,793
2015-08-26,4,8,2015,61.9,0.0,6.0,0,790
2015-09-02,4,9,2015,80.3,0.0,7.1,0,801
2015-09-09,4,9,2015,70.2,1.02,6.5,0,712
2015-09-16,4,9,2015,70.5,0.0,9.7,0,767
2015-09-23,4,9,2015,68.2,0.0,3.4,0,834
2015-09-30,4,9,2015,56.7,0.4,14.3,0,677
2015-10-07,4,10,2015,62.0,0.0,6.0,0,718
2015-10-14,4,10,2015,52.3,0.0,6.9,0,764
2015-10-21,4,10,2015,62.7,0.12,8.8,0,795
2015-10-28,4,10,2015,52.7,0.68,12.6,0,682
2015-11-11,4,11,2015,47.9,0.0,8.8,0,688
2015-11-18,4,11,2015,58.4,0.8,19.6,0,685
2015-11-25,4,11,2015,38.3,0.0,10.8,0,620
2015-12-09,4,12,2015,46.0,0.0,8.3,0,685
2015-12-16,4,12,2015,43.3,0.0,12.9,0,722
2016-01-06,4,1,2016,28.3,0.0,7.5,0,629
2016-01-13,4,1,2016,6.7,0.01,8.6,0,653
2016-01-20,4,1,2016,16.7,0.05,3.5,0,621
2016-01-27,4,1,2016,27.6,0.02,10.0,0,669
2016-02-10,4,2,2016,13.6,0.02,11.2,0,564
2016-02-17,4,2,2016,28.4,0.04,6.3,0,640
2016-03-02,4,3,2016,20.6,0.06,7.6,0,609
2016-03-09,4,3,2016,61.1,0.17,10.6,0,680
2016-03-16,4,3,2016,52.6,0.15,19.9,0,745
2016-03-23,4,3,2016,41.6,0.0,11.5,0,686
2016-03-30,4,3,2016,48.9,0.0,11.3,0,717
2016-04-06,4,4,2016,44.5,0.12,10.2,0,660
2016-04-13,4,4,2016,42.7,0.0,6.9,0,716
2016-04-20,4,4,2016,58.1,0.0,9.0,0,690
2016-04-27,4,4,2016,44.0,0.0,12.6,0,662
2016-05-04,4,5,2016,52.3,0.4,11.1,0,683
2016-05-18,4,5,2016,52.0,0.0,7.1,0,801
2016-05-25,4,5,2016,75.9,0.0,8.2,0,721
2016-06-01,4,6,2016,68.1,0.82,5.6,0,946
2016-06-08,4,6,2016,60.7,0.0,6.0,0,744
2016-06-15,4,6,2016,78.4,0.3,8.8,0,791
2016-06-22,4,6,2016,71.8,0.0,6.2,0,751
2016-06-29,4,6,2016,66.8,0.0,5.2,0,805
2016-07-06,4,7,2016,77.4,0.75,8.7,0,742
2016-07-13,4,7,2016,77.8,0.0,7.8,0,726
2016-07-20,4,7,2016,78.8,0.0,5.4,0,824
2016-07-27,4,7,2016,79.3,0.0,3.2,0,795
2016-08-03,4,8,2016,79.6,0.0,3.1,0,772
2016-08-10,4,8,2016,80.4,0.0,3.6,0,722
2016-08-17,4,8,2016,77.0,0.05,6.0,0,862
2016-08-24,4,8,2016,74.9,0.0,10.7,0,823
2016-08-31,4,8,2016,72.9,0.05,8.5,0,782
2016-09-07,4,9,2016,82.5,0.0,8.0,0,723
2016-09-14,4,9,2016,69.4,0.09,7.9,0,820
2016-09-21,4,9,2016,70.2,0.0,6.3,0,732
2016-09-28,4,9,2016,56.0,0.0,9.5,0,637
2016-10-05,4,10,2016,68.7,0.0,9.6,0,804
2016-10-12,4,10,2016,62.3,0.0,10.3,0,746
2016-10-19,4,10,2016,60.4,0.0,3.3,0,711
2016-10-26,4,10,2016,47.8,0.3,11.5,0,699
2016-11-02,4,11,2016,62.3,0.0,4.6,0,748
2016-11-09,4,11,2016,49.5,0.0,8.1,0,679
2016-11-16,4,11,2016,48.1,0.0,3.3,0,773
2016-11-23,4,11,2016,39.8,0.17,9.2,0,699
2016-11-30,4,11,2016,40.8,0.0,8.3,0,697
2016-12-07,4,12,2016,26.2,0.0,13.2,0,660
2016-12-14,4,12,2016,9.6,0.0,11.6,0,611
2016-12-21,4,12,2016,26.0,0.0,7.9,0,729
2016-12-28,4,12,2016,29.6,0.0,8.5,0,722
2017-01-04,4,1,2017,18.2,0.0,14.9,0,614
2017-01-18,4,1,2017,34.7,0.48,9.2,0,708
2017-01-25,4,1,2017,37.2,0.05,9.6,0,748
2017-02-01,4,2,2017,34.6,0.03,10.6,0,848
2017-02-08,4,2,2017,30.7,0.23,10.6,0,666
2017-02-15,4,2,2017,33.2,0.0,12.1,0,675
2017-03-08,4,3,2017,46.3,0.0,18.9,0,667
2017-03-15,4,3,2017,23.5,0.03,10.9,0,609
2017-03-22,4,3,2017,33.5,0.0,12.9,0,647
2017-04-05,4,4,2017,44.8,0.09,9.9,0,633
2017-04-12,4,4,2017,47.7,0.0,5.5,0,729
2017-04-19,4,4,2017,64.7,0.0,8.5,0,759
2017-04-26,4,4,2017,69.5,0.0,11.9,0,758
2017-05-03,4,5,2017,47.6,0.01,5.8,0,739
2017-05-10,4,5,2017,55.0,0.13,5.3,0,664
2017-05-17,4,5,2017,78.3,0.0,16.7,0,835
2017-05-24,4,5,2017,56.9,0.5,10.1,0,762
2017-05-31,4,5,2017,63.8,0.0,9.3,0,741
2017-06-07,4,6,2017,66.7,0.0,8.9,0,788
2017-06-14,4,6,2017,77.3,0.0,7.9,0,770
2017-06-21,4,6,2017,67.7,0.0,5.5,0,787
2017-06-28,4,6,2017,67.6,0.0,11.1,0,708
2017-07-05,4,7,2017,76.2,0.0,5.4,0,859
2017-07-12,4,7,2017,75.4,0.59,9.4,0,691
2017-07-19,4,7,2017,80.5,0.0,5.8,0,770
2017-07-26,4,7,2017,74.9,0.0,6.8,0,753
2017-08-02,4,8,2017,76.7,0.92,5.9,0,774
2017-08-09,4,8,2017,72.9,0.0,3.8,0,770
2017-08-16,4,8,2017,75.0,0.0,7.0,0,796
2017-08-23,4,8,2017,69.6,0.0,9.4,0,748
2017-08-30,4,8,2017,70.3,0.07,4.5,0,787
2017-09-06,4,9,2017,57.8,0.0,9.4,0,648
2017-09-13,4,9,2017,65.8,0.0,5.2,0,706
2017-09-20,4,9,2017,74.8,0.0,8.3,0,827
2017-09-27,4,9,2017,69.9,0.0,10.2,0,726
2017-10-04,4,10,2017,71.4,0.0,8.9,0,744
2017-10-11,4,10,2017,58.8,1.37,12.4,0,618
2017-10-18,4,10,2017,59.4,0.0,10.3,0,774
2017-10-25,4,10,2017,44.1,0.57,7.3,0,714
2017-11-01,4,11,2017,38.7,0.0,7.6,0,839
2017-11-08,4,11,2017,36.6,0.0,3.9,0,759
2017-11-15,4,11,2017,47.6,0.02,12.0,0,710
2017-11-22,4,11,2017,28.7,0.02,7.5,0,656
2017-11-29,4,11,2017,43.3,0.0,6.9,0,772
2017-12-06,4,12,2017,30.6,0.0,12.5,0,711
2017-12-13,4,12,2017,26.5,0.0,9.9,0,700
2017-12-20,4,12,2017,34.0,0.0,8.7,0,705
2017-12-27,4,12,2017,1.1,0.0,7.8,0,523
2018-01-03,4,1,2018,11.4,0.0,10.8,0,576
2018-01-10,4,1,2018,36.9,0.01,9.8,0,720
2018-01-17,4,1,2018,13.2,0.01,8.9,0,649
2018-01-24,4,1,2018,28.6,0.01,6.7,0,614
2018-01-31,4,1,2018,34.6,0.0,14.9,0,709
2018-02-07,4,2,2018,16.7,0.12,7.8,0,544
2018-02-14,4,2,2018,32.1,0.0,7.8,0,662
2018-02-21,4,2,2018,32.1,1.22,9.5,0,642
2018-02-28,4,2,2018,51.1,0.0,10.6,0,648
2018-03-07,4,3,2018,30.9,0.07,11.7,0,658
2018-03-14,4,3,2018,30.1,0.22,9.5,0,665
2018-03-21,4,3,2018,33.3,0.0,11.3,0,691
2018-03-28,4,3,2018,44.7,0.01,4.4,0,690
2018-04-04,4,4,2018,31.8,0.21,14.7,0,702
2018-04-11,4,4,2018,47.8,0.0,8.9,0,773
2018-04-18,4,4,2018,34.8,0.0,9.3,0,629
2018-04-25,4,4,2018,49.1,0.0,13.2,0,750
2018-05-02,4,5,2018,76.9,0.0,13.9,0,791
2018-05-09,4,5,2018,69.7,0.0,10.2,0,793
2018-05-16,4,5,2018,61.8,0.0,6.6,0,760
2018-05-23,4,5,2018,63.8,0.0,2.8,0,781
2018-05-30,4,5,2018,75.3,0.0,7.1,0,847
2018-06-06,4,6,2018,60.9,0.1,7.4,0,814
2018-06-13,4,6,2018,74.7,0.0,7.4,0,752
2018-06-20,4,6,2018,69.0,0.02,7.4,0,895
2018-06-27,4,6,2018,72.8,0.79,6.6,0,829
2018-07-04,4,7,2018,83.4,0.0,6.1,0,831
2018-07-11,4,7,2018,77.2,0.0,6.0,0,736
2018-07-18,4,7,2018,72.1,0.0,7.4,0,840
2018-07-25,4,7,2018,78.8,0.0,6.7,0,812
2018-08-01,4,8,2018,73.3,0.0,5.3,0,954
2018-08-08,4,8,2018,74.0,2.36,4.8,0,793
2018-08-15,4,8,2018,79.8,0.0,4.6,0,802
2018-08-22,4,8,2018,69.4,0.13,8.9,0,852
2018-08-29,4,8,2018,71.6,1.8,7.0,0,752
2018-09-05,4,9,2018,82.5,0.0,9.2,0,718
2018-09-12,4,9,2018,70.8,0.0,5.3,0,714
2018-09-19,4,9,2018,69.5,0.0,8.7,0,762
2018-09-26,4,9,2018,60.9,0.24,9.5,0,755
2018-10-03,4,10,2018,69.7,0.01,8.7,0,678
2018-10-10,4,10,2018,72.8,0.01,9.6,0,724
2018-10-17,4,10,2018,47.7,0.0,10.0,0,690
2018-10-24,4,10,2018,43.7,0.0,3.5,0,806
2018-10-31,4,10,2018,53.5,0.47,6.8,0,887
2018-11-07,4,11,2018,38.3,0.02,14.7,0,685
2018-11-14,4,11,2018,24.7,0.0,4.6,0,641
2018-11-21,4,11,2018,32.2,0.0,10.6,0,742
2018-11-28,4,11,2018,21.7,0.0,4.6,0,716
2018-12-05,4,12,2018,28.3,0.0,8.4,0,714
2018-12-12,4,12,2018,33.9,0.0,9.6,0,763
2018-12-19,4,12,2018,39.1,0.0,8.9,0,742
2018-12-26,4,12,2018,34.4,0.0,1.7,0,632
2019-01-02,4,1,2019,27.6,0.01,5.6,0,657
2019-01-09,4,1,2019,23.2,0.0,14.2,0,635
2019-01-16,4,1,2019,31.2,0.0,8.9,0,704
2019-01-23,4,1,2019,29.5,0.32,7.3,0,662
2019-01-30,4,1,2019,-14.6,0.0,14.4,0,346
2019-02-13,4,2,2019,18.5,0.04,14.7,0,643
2019-02-20,4,2,2019,31.1,0.01,10.1,0,635
2019-02-27,4,2,2019,24.6,0.0,8.7,0,649
2019-03-06,4,3,2019,16.3,0.0,10.7,0,629
2019-03-13,4,3,2019,44.9,0.32,10.5,0,689
2019-03-20,4,3,2019,41.7,0.01,7.1,0,695
2019-03-27,4,3,2019,41.8,0.0,7.7,0,698
2019-04-03,4,4,2019,45.5,0.0,9.2,0,679
2019-04-10,4,4,2019,40.5,0.0,14.5,0,659
2019-04-17,4,4,2019,55.0,0.0,9.0,0,693
2019-04-24,4,4,2019,52.7,0.0,4.9,0,703
2019-05-01,4,5,2019,50.0,2.06,8.9,0,831
2019-05-08,4,5,2019,50.1,0.06,11.5,0,759
2019-05-15,4,5,2019,62.3,0.0,4.6,0,769
2019-05-22,4,5,2019,61.4,0.85,12.9,0,772
2019-05-29,4,5,2019,59.5,0.7,7.0,0,738
2019-06-05,4,6,2019,74.4,0.58,7.7,0,792
2019-06-12,4,6,2019,67.4,0.0,8.3,0,717
2019-06-19,4,6,2019,66.6,0.0,5.8,0,808
2019-06-26,4,6,2019,78.2,0.14,5.4,0,800
2019-07-03,4,7,2019,77.6,0.42,6.3,0,808
2019-07-10,4,7,2019,83.4,0.01,8.9,0,838
2019-07-17,4,7,2019,80.5,0.05,4.3,0,802
2019-07-24,4,7,2019,71.2,0.0,4.6,0,745
2019-07-31,4,7,2019,68.6,0.0,7.9,0,714
2019-08-07,4,8,2019,76.7,0.0,5.3,0,781
2019-08-14,4,8,2019,71.9,0.19,5.2,0,796
2019-08-21,4,8,2019,73.1,0.35,4.7,0,722
2019-08-28,4,8,2019,68.2,0.0,10.9,0,755
2019-09-04,4,9,2019,67.6,0.17,8.5,0,687
2019-09-11,4,9,2019,80.5,0.0,6.6,0,752
2019-09-18,4,9,2019,70.9,0.0,6.0,0,757
2019-09-25,4,9,2019,70.3,0.0,12.5,0,714
2019-10-02,4,10,2019,65.9,0.08,10.4,0,734
2019-10-09,4,10,2019,59.8,0.0,6.7,0,736
2019-10-16,4,10,2019,48.8,0.0,14.1,0,743
2019-10-23,4,10,2019,47.5,0.01,9.0,0,702
2019-10-30,4,10,2019,36.5,0.27,7.8,0,579
2019-11-06,4,11,2019,38.6,0.0,6.5,0,663
2019-11-13,4,11,2019,15.7,0.0,9.1,0,578
2019-11-20,4,11,2019,40.8,0.01,3.5,0,731
2019-11-27,4,11,2019,44.4,0.62,16.1,0,638
2019-12-04,4,12,2019,36.7,0.0,11.4,0,746
2019-12-11,4,12,2019,17.9,0.0,8.6,0,606
2019-12-18,4,12,2019,19.9,0.0,9.1,0,654
2019-12-25,4,12,2019,47.5,0.0,7.5,0,511
2015-01-01,5,1,2015,19.9,0.0,13.7,0,1296
2015-01-08,5,1,2015,-2.1,0.0,13.1,0,448
2015-01-15,5,1,2015,22.0,0.0,8.5,0,763
2015-01-22,5,1,2015,29.9,0.01,5.6,0,752
2015-01-29,5,1,2015,33.3,0.01,12.4,0,707
2015-02-05,5,2,2015,7.4,0.02,7.2,0,572
2015-02-12,5,2,2015,15.9,0.0,14.2,0,611
2015-02-19,5,2,2015,-1.8,0.0,12.0,0,463
2015-03-05,5,3,2015,11.6,0.0,9.4,0,613
2015-03-12,5,3,2015,41.8,0.0,5.5,0,753
2015-03-19,5,3,2015,41.7,0.0,6.5,0,719
2015-03-26,5,3,2015,36.7,0.25,9.0,0,684
2015-04-02,5,4,2015,58.5,0.11,13.0,0,794
2015-04-16,5,4,2015,52.9,0.0,7.2,0,689
2015-04-23,5,4,2015,42.3,0.0,8.3,0,732
2015-04-30,5,4,2015,45.6,0.0,10.2,0,666
2015-05-07,5,5,2015,66.9,0.0,8.6,0,825
2015-05-14,5,5,2015,52.2,0.0,8.9,0,755
2015-05-21,5,5,2015,51.8,0.04,8.2,0,745
2015-05-28,5,5,2015,69.5,0.0,4.8,0,801
2015-06-04,5,6,2015,68.2,0.0,7.5,0,721
2015-06-11,5,6,2015,68.9,0.0,6.6,0,804
2015-06-25,5,6,2015,70.7,0.98,6.3,0,783
2015-07-02,5,7,2015,59.3,0.0,8.6,0,757
2015-07-09,5,7,2015,63.6,0.07,6.7,0,672
2015-07-16,5,7,2015,66.0,0.0,6.0,0,673
2015-07-23,5,7,2015,74.4,0.0,3.5,0,811
2015-07-30,5,7,2015,77.1,0.0,10.2,0,775
2015-08-06,5,8,2015,73.3,0.0,6.6,0,810
2015-08-13,5,8,2015,73.8,0.0,7.9,0,784
2015-08-20,5,8,2015,64.8,0.0,13.6,0,840
2015-08-27,5,8,2015,63.1,0.0,3.6,0,765
2015-09-03,5,9,2015,81.0,0.0,6.9,0,876
2015-09-10,5,9,2015,64.0,0.0,4.0,0,659
2015-09-17,5,9,2015,71.7,0.0,9.7,0,717
2015-09-24,5,9,2015,66.7,0.0,4.6,0,719
2015-10-01,5,10,2015,55.2,0.0,14.5,0,896
2015-10-08,5,10,2015,61.7,0.0,6.8,0,701
2015-10-15,5,10,2015,54.8,0.0,8.9,0,817
2015-10-22,5,10,2015,59.8,0.01,6.7,0,775
2015-10-29,5,10,2015,40.6,0.14,16.0,0,669
2015-11-05,5,11,2015,63.8,0.0,10.5,0,755
2015-11-12,5,11,2015,48.4,0.42,19.1,0,693
2015-11-19,5,11,2015,44.6,0.03,16.1,0,697
2015-11-26,5,11,2015,52.0,0.14,14.1,0,590
2015-12-03,5,12,2015,33.0,0.12,9.3,0,711
2015-12-10,5,12,2015,48.3,0.0,12.8,0,691
2015-12-17,5,12,2015,33.4,0.12,15.0,0,728
2015-12-24,5,12,2015,42.1,0.49,15.9,0,676
2015-12-31,5,12,2015,27.0,0.0,8.0,0,611
2016-01-07,5,1,2016,36.0,0.0,6.7,0,708
2016-01-14,5,1,2016,30.6,0.0,7.7,0,734
2016-01-21,5,1,2016,19.0,0.0,2.9,0,634
2016-01-28,5,1,2016,34.1,0.0,13.8,0,753
2016-02-04,5,2,2016,26.7,0.02,9.9,0,670
2016-02-11,5,2,2016,13.0,0.0,7.2,0,583
2016-02-18,5,2,2016,29.6,0.0,9.5,0,682
2016-02-25,5,2,2016,33.4,0.15,16.4,0,701
2016-03-03,5,3,2016,30.1,0.05,6.7,0,617
2016-03-10,5,3,2016,49.0,0.01,6.7,0,717
2016-03-17,5,3,2016,47.4,0.03,15.0,0,740
2016-03-24,5,3,2016,37.1,0.24,11.7,0,678
2016-03-31,5,3,2016,59.8,0.16,16.3,0,753
2016-04-07,5,4,2016,40.0,0.21,12.5,0,743
2016-04-14,5,4,2016,47.7,0.0,6.7,0,691
2016-04-21,5,4,2016,61.6,0.49,6.7,0,715
2016-04-28,5,4,2016,44.9,0.91,10.1,0,733
2016-05-05,5,5,2016,48.8,0.0,11.4,0,701
2016-05-12,5,5,2016,61.2,0.67,7.7,0,690
2016-05-19,5,5,2016,55.2,0.0,3.9,0,766
2016-05-26,5,5,2016,71.1,0.95,8.2,0,767
2016-06-02,5,6,2016,70.1,0.16,5.9,0,800
2016-06-09,5,6,2016,61.0,0.0,6.1,0,727
2016-06-16,5,6,2016,74.4,0.0,10.0,0,822
2016-06-30,5,6,2016,69.4,0.0,6.9,0,848
2016-07-07,5,7,2016,76.8,0.12,5.4,0,791
2016-07-14,5,7,2016,76.0,0.06,12.3,0,769
2016-07-21,5,7,2016,81.0,0.0,7.2,0,785
2016-07-28,5,7,2016,76.8,0.0,5.0,0,774
2016-08-04,5,8,2016,80.7,0.0,4.6,0,795
2016-08-11,5,8,2016,81.7,0.0,7.9,0,853
2016-08-18,5,8,2016,76.9,0.78,4.4,0,767
2016-08-25,5,8,2016,76.4,0.32,5.3,0,770
2016-09-01,5,9,2016,67.2,0.0,9.9,0,1043
2016-09-08,5,9,2016,76.3,0.44,8.5,0,795
2016-09-15,5,9,2016,68.2,0.0,6.4,0,823
2016-09-22,5,9,2016,71.4,0.55,4.1,0,832
2016-09-29,5,9,2016,60.7,0.31,13.9,0,702
2016-10-06,5,10,2016,65.8,0.07,4.4,0,755
2016-10-13,5,10,2016,47.9,0.14,6.9,0,696
2016-10-20,5,10,2016,54.8,0.02,9.3,0,718
2016-10-27,5,10,2016,47.6,1.3,7.6,0,732
2016-11-03,5,11,2016,56.0,0.18,4.8,0,784
2016-11-10,5,11,2016,49.4,0.0,10.1,0,726
2016-11-17,5,11,2016,54.6,0.0,10.3,0,812
2016-11-24,5,11,2016,40.3,0.06,7.8,0,534
2016-12-01,5,12,2016,37.5,0.0,12.5,0,829
2016-12-08,5,12,2016,21.3,0.0,15.9,0,606
2016-12-15,5,12,2016,3.9,0.0,13.0,0,580
2016-12-22,5,12,2016,34.1,0.0,9.2,0,703
2016-12-29,5,12,2016,33.6,0.0,14.1,0,647
2017-01-05,5,1,2017,9.3,0.0,11.5,0,611
2017-01-12,5,1,2017,26.1,0.33,10.9,0,644
2017-01-19,5,1,2017,35.8,0.0,5.7,0,738
2017-01-26,5,1,2017,33.2,0.04,11.3,0,676
2017-02-02,5,2,2017,20.6,0.0,12.1,0,672
2017-02-09,5,2,2017,19.0,0.0,11.3,0,668
2017-02-16,5,2,2017,33.4,0.0,7.0,0,671
2017-02-23,5,2,2017,51.6,0.0,10.5,0,655
2017-03-02,5,3,2017,32.0,0.08,10.6,0,629
2017-03-09,5,3,2017,39.0,0.0,7.6,0,676
2017-03-16,5,3,2017,29.0,0.0,5.5,0,668
2017-03-23,5,3,2017,36.8,0.0,9.7,0,666
2017-03-30,5,3,2017,43.3,0.91,12.1,0,691
2017-04-06,5,4,2017,42.9,1.55,17.5,0,668
2017-04-13,5,4,2017,49.7,0.07,8.6,0,665
2017-04-20,5,4,2017,56.5,0.01,11.3,0,713
2017-04-27,5,4,2017,54.3,0.35,12.0,0,716
2017-05-04,5,5,2017,48.7,0.0,8.9,0,741
2017-05-11,5,5,2017,54.8,0.87,9.5,0,738
2017-05-18,5,5,2017,74.0,0.37,18.1,0,777
2017-05-25,5,5,2017,58.8,0.17,10.6,0,763
2017-06-01,5,6,2017,66.4,0.0,4.8,0,907
2017-06-08,5,6,2017,69.1,0.0,3.3,0,769
2017-06-15,5,6,2017,76.2,0.6,8.1,0,824
2017-06-22,5,6,2017,78.5,0.0,10.7,0,818
2017-07-06,5,7,2017,80.7,0.0,4.5,0,782
2017-07-13,5,7,2017,78.2,1.74,8.7,0,819
2017-07-20,5,7,2017,76.7,1.4,8.6,0,762
2017-07-27,5,7,2017,77.9,0.03,8.6,0,790
2017-08-03,5,8,2017,74.7,0.0,7.4,0,849
2017-08-10,5,8,2017,73.8,0.0,7.4,0,789
2017-08-17,5,8,2017,77.3,0.17,12.0,0,770
2017-08-24,5,8,2017,66.7,0.0,7.0,0,802
2017-08-31,5,8,2017,69.3,0.0,10.3,0,738
2017-09-07,5,9,2017,59.8,0.0,8.2,0,733
2017-09-21,5,9,2017,83.4,0.0,6.0,0,807
2017-09-28,5,9,2017,62.0,0.0,7.6,0,718
2017-10-05,5,10,2017,64.6,0.03,4.0,0,747
2017-10-12,5,10,2017,57.8,0.2,6.8,0,765
2017-10-19,5,10,2017,61.4,0.0,7.3,0,776
2017-10-26,5,10,2017,46.5,0.0,7.4,0,754
2017-11-02,5,11,2017,46.6,0.23,5.4,0,723
2017-11-09,5,11,2017,38.8,0.0,9.0,0,656
2017-11-16,5,11,2017,36.2,0.15,11.8,0,766
2017-11-23,5,11,2017,36.3,0.0,7.8,0,543
2017-11-30,5,11,2017,46.3,0.0,9.4,0,750
2017-12-07,5,12,2017,25.1,0.0,11.5,0,625
2017-12-14,5,12,2017,24.1,0.0,11.5,0,718
2017-12-21,5,12,2017,34.9,0.0,7.0,0,749
2017-12-28,5,12,2017,6.2,0.0,5.2,0,601
2018-01-04,5,1,2018,7.0,0.0,11.9,0,601
2018-01-11,5,1,2018,55.5,0.36,15.2,0,703
2018-01-18,5,1,2018,21.2,0.0,14.5,0,627
2018-01-25,5,1,2018,31.2,0.02,8.4,0,641
2018-02-01,5,2,2018,27.8,0.0,11.6,0,751
2018-02-08,5,2,2018,13.2,0.01,6.3,0,559
2018-02-22,5,2,2018,33.3,0.04,10.8,0,677
2018-03-01,5,3,2018,39.4,0.46,12.2,0,844
2018-03-08,5,3,2018,27.9,0.0,10.5,0,660
2018-03-15,5,3,2018,39.6,0.0,7.7,0,693
2018-03-22,5,3,2018,34.3,0.0,5.4,0,671
2018-03-29,5,3,2018,45.0,0.06,5.9,0,629
2018-04-05,5,4,2018,31.6,0.01,6.9,0,674
2018-04-12,5,4,2018,55.6,0.08,10.9,0,751
2018-04-19,5,4,2018,39.3,0.41,9.2,0,725
2018-04-26,5,4,2018,48.4,0.0,3.3,0,735
2018-05-03,5,5,2018,64.3,1.84,4.9,0,742
2018-05-10,5,5,2018,66.0,0.25,8.4,0,779
2018-05-17,5,5,2018,63.2,0.0,6.0,0,799
2018-05-24,5,5,2018,71.3,0.0,4.7,0,822
2018-05-31,5,5,2018,76.9,0.9,8.7,0,842
2018-06-07,5,6,2018,71.4,0.0,6.2,0,768
2018-06-14,5,6,2018,73.0,0.0,3.5,0,759
2018-06-21,5,6,2018,65.8,0.4,10.0,0,668
2018-06-28,5,6,2018,76.2,0.03,3.2,0,822
2018-07-05,5,7,2018,81.4,0.01,6.0,0,843
2018-07-12,5,7,2018,78.6,0.0,6.2,0,802
2018-07-19,5,7,2018,75.8,0.0,7.0,0,779
2018-07-26,5,7,2018,76.6,0.03,8.5,0,804
2018-08-02,5,8,2018,76.8,0.0,7.8,0,855
2018-08-09,5,8,2018,77.9,0.0,8.0,0,769
2018-08-16,5,8,2018,77.3,0.01,3.7,0,838
2018-08-23,5,8,2018,69.9,0.0,5.5,0,728
2018-08-30,5,8,2018,67.7,0.01,7.2,0,823
2018-09-06,5,9,2018,68.5,0.28,12.2,0,742
2018-09-13,5,9,2018,69.0,0.0,4.1,0,689
2018-09-20,5,9,2018,75.3,0.21,5.0,0,834
2018-09-27,5,9,2018,58.7,0.0,5.9,0,708
2018-10-04,5,10,2018,65.9,0.04,15.2,0,698
2018-10-11,5,10,2018,50.3,0.35,14.4,0,679
2018-10-18,5,10,2018,45.0,0.0,4.5,0,727
2018-10-25,5,10,2018,43.9,0.0,3.5,0,724
2018-11-01,5,11,2018,50.5,0.17,9.6,0,948
2018-11-08,5,11,2018,35.2,0.0,5.9,0,676
2018-11-22,5,11,2018,34.1,0.0,8.1,0,541
2018-11-29,5,11,2018,29.9,0.05,5.3,0,677
2018-12-06,5,12,2018,30.7,0.0,9.3,0,721
2018-12-13,5,12,2018,32.6,0.0,3.9,0,714
2018-12-20,5,12,2018,43.7,0.0,6.3,0,788
2018-12-27,5,12,2018,42.0,0.01,13.0,0,628
2019-01-03,5,1,2019,29.2,0.01,9.9,0,756
2019-01-10,5,1,2019,17.9,0.0,6.1,0,689
2019-01-17,5,1,2019,30.3,0.0,5.3,0,653
2019-01-24,5,1,2019,16.6,0.08,7.4,0,610
2019-01-31,5,1,2019,-15.0,0.0,7.5,0,460
2019-02-14,5,2,2019,36.1,0.01,7.4,0,743
2019-02-21,5,2,2019,30.9,0.08,12.1,0,698
2019-02-28,5,2,2019,18.0,0.01,5.7,0,596
2019-03-07,5,3,2019,22.7,0.0,7.3,0,611
2019-03-14,5,3,2019,55.3,0.26,15.3,0,676
2019-03-21,5,3,2019,39.8,0.13,9.0,0,690
2019-03-28,5,3,2019,53.2,0.01,12.1,0,685
2019-04-04,5,4,2019,46.0,0.1,7.8,0,666
2019-04-11,5,4,2019,42.2,0.13,17.0,0,748
2019-04-18,5,4,2019,58.5,0.03,11.2,0,629
2019-04-25,5,4,2019,56.7,0.0,4.1,0,769
2019-05-09,5,5,2019,61.3,1.05,9.8,0,737
2019-05-16,5,5,2019,66.3,0.0,8.1,0,741
2019-05-23,5,5,2019,70.1,0.14,12.1,0,773
2019-05-30,5,5,2019,66.0,0.22,6.2,0,747
2019-06-06,5,6,2019,65.5,0.29,6.4,0,744
2019-06-13,5,6,2019,57.9,0.8,12.6,0,702
2019-06-20,5,6,2019,60.0,0.42,11.0,0,733
2019-06-27,5,6,2019,77.2,0.15,5.5,0,749
2019-07-04,5,7,2019,78.1,0.41,7.1,0,800
2019-07-11,5,7,2019,77.5,0.0,7.4,0,765
2019-07-18,5,7,2019,77.4,0.47,7.7,0,760
2019-07-25,5,7,2019,73.3,0.0,4.0,0,802
2019-08-01,5,8,2019,68.5,0.0,6.2,0,932
2019-08-08,5,8,2019,79.1,0.01,9.4,0,822
2019-08-15,5,8,2019,70.1,0.0,8.5,0,815
2019-08-22,5,8,2019,71.4,0.02,8.1,0,754
2019-08-29,5,8,2019,69.8,0.0,9.8,0,776
2019-09-05,5,9,2019,63.9,0.0,4.4,0,652
2019-09-12,5,9,2019,71.9,0.47,7.3,0,786
2019-09-19,5,9,2019,72.2,0.0,4.9,0,792
2019-09-26,5,9,2019,65.5,0.0,8.5,0,709
2019-10-03,5,10,2019,60.7,2.25,8.9,0,732
2019-10-10,5,10,2019,61.6,0.0,7.0,0,649
2019-10-17,5,10,2019,46.0,0.0,5.8,0,677
2019-10-24,5,10,2019,47.1,0.02,6.3,0,716
2019-11-07,5,11,2019,28.3,0.01,11.1,0,666
2019-11-14,5,11,2019,27.1,0.01,6.3,0,579
2019-11-21,5,11,2019,46.5,0.26,12.7,0,663
2019-11-28,5,11,2019,33.8,0.25,9.6,0,508
2019-12-05,5,12,2019,35.7,0.0,5.8,0,702
2019-12-12,5,12,2019,28.0,0.0,8.3,0,657
2019-12-19,5,12,2019,22.9,0.0,8.2,0,687
2019-12-26,5,12,2019,55.6,0.0,10.2,0,611
2015-01-02,6,1,2015,25.7,0.0,5.1,0,674
2015-01-09,6,1,2015,8.1,0.06,15.5,0,590
2015-01-16,6,1,2015,28.3,0.0,6.7,0,710
2015-01-23,6,1,2015,29.6,0.0,9.9,0,800
2015-01-30,6,1,2015,27.0,0.01,9.0,0,714
2015-02-06,6,2,2015,17.5,0.0,8.7,0,698
2015-02-13,6,2,2015,11.0,0.0,7.9,0,632
2015-02-20,6,2,2015,3.3,0.0,9.3,0,651
2015-02-27,6,2,2015,6.0,0.03,8.3,0,638
2015-03-06,6,3,2015,12.4,0.0,10.1,0,712
2015-03-13,6,3,2015,47.0,0.0,5.8,0,814
2015-03-20,6,3,2015,42.5,0.0,6.6,0,777
2015-03-27,6,3,2015,29.0,0.04,11.6,0,726
2015-04-03,6,4,2015,50.1,0.25,8.7,0,710
2015-04-10,6,4,2015,52.6,1.37,18.5,0,714
2015-04-17,6,4,2015,60.2,0.0,4.7,0,786
2015-04-24,6,4,2015,44.2,0.0,4.2,0,761
2015-05-01,6,5,2015,50.0,0.0,5.3,0,957
2015-05-08,6,5,2015,71.1,0.04,8.2,0,807
2015-05-15,6,5,2015,63.2,0.24,8.7,0,826
2015-05-22,6,5,2015,58.8,0.0,7.5,0,824
2015-05-29,6,5,2015,72.1,0.0,8.9,0,828
2015-06-05,6,6,2015,65.3,0.0,9.8,0,786
2015-06-12,6,6,2015,61.5,0.32,7.0,0,827
2015-06-19,6,6,2015,60.8,0.27,10.2,0,774
2015-06-26,6,6,2015,63.1,0.03,7.7,0,783
2015-07-03,6,7,2015,64.2,0.0,4.4,0,768
2015-07-10,6,7,2015,69.0,0.0,3.5,0,740
2015-07-17,6,7,2015,77.3,0.97,7.9,0,825
2015-07-24,6,7,2015,75.2,0.0,5.1,0,867
2015-07-31,6,7,2015,78.2,0.0,10.9,0,783
2015-08-07,6,8,2015,73.2,0.0,7.0,0,839
2015-08-14,6,8,2015,78.2,0.0,8.5,0,808
2015-08-21,6,8,2015,68.7,0.0,6.7,0,858
2015-08-28,6,8,2015,65.5,0.0,4.2,0,806
2015-09-04,6,9,2015,74.4,0.0,5.4,0,815
2015-09-11,6,9,2015,61.9,0.26,8.2,0,692
2015-09-18,6,9,2015,72.0,1.65,7.4,0,791
2015-09-25,6,9,2015,65.5,0.0,7.2,0,814
2015-10-02,6,10,2015,55.0,0.0,16.4,0,800
2015-10-09,6,10,2015,60.4,0.05,9.9,0,796
2015-10-16,6,10,2015,48.9,0.0,9.7,0,734
2015-10-23,6,10,2015,55.0,0.0,9.3,0,778
2015-10-30,6,10,2015,45.5,0.0,5.8,0,776
2015-11-06,6,11,2015,55.5,0.16,16.0,0,747
2015-11-13,6,11,2015,41.7,0.0,17.5,0,679
2015-11-20,6,11,2015,35.9,0.0,10.0,0,714
2015-11-27,6,11,2015,45.5,0.97,14.4,0,613
2015-12-04,6,12,2015,36.6,0.0,8.4,0,700
2015-12-11,6,12,2015,45.9,0.0,8.6,0,742
2015-12-18,6,12,2015,27.7,0.0,11.0,0,653
2015-12-25,6,12,2015,38.5,0.0,5.1,0,497
2016-01-01,6,1,2016,23.4,0.02,12.4,0,1209
2016-01-08,6,1,2016,38.5,0.02,6.6,0,744
2016-01-15,6,1,2016,39.9,0.0,11.4,0,734
2016-01-22,6,1,2016,23.7,0.0,7.5,0,701
2016-01-29,6,1,2016,28.3,0.0,9.5,0,745
2016-02-05,6,2,2016,28.9,0.0,6.2,0,660
2016-02-12,6,2,2016,19.1,0.0,10.8,0,647
2016-02-19,6,2,2016,47.5,0.0,22.5,0,775
2016-02-26,6,2,2016,31.1,0.0,9.4,0,741
2016-03-04,6,3,2016,30.1,0.02,6.0,0,704
2016-03-11,6,3,2016,42.7,0.0,4.8,0,732
2016-03-18,6,3,2016,41.3,0.0,8.3,0,792
2016-03-25,6,3,2016,34.5,0.96,8.2,0,716
2016-04-01,6,4,2016,44.9,0.36,8.3,0,834
2016-04-08,6,4,2016,36.9,0.06,11.0,0,626
2016-04-15,6,4,2016,53.5,0.0,6.7,0,812
2016-04-22,6,4,2016,51.2,0.01,9.5,0,732
2016-04-29,6,4,2016,44.3,0.02,7.6,0,720
2016-05-06,6,5,2016,59.2,0.0,5.2,0,794
2016-05-13,6,5,2016,57.6,0.48,10.1,0,808
2016-05-20,6,5,2016,58.5,0.0,5.6,0,804
2016-05-27,6,5,2016,74.2,0.0,8.1,0,801
2016-06-03,6,6,2016,70.1,0.0,3.1,0,822
2016-06-17,6,6,2016,70.8,0.0,8.1,0,830
2016-06-24,6,6,2016,70.9,0.0,7.4,0,809
2016-07-01,6,7,2016,68.5,0.0,9.0,0,969
2016-07-15,6,7,2016,70.8,0.0,8.9,0,847
2016-07-22,6,7,2016,79.2,1.04,8.0,0,792
2016-07-29,6,7,2016,73.2,0.66,6.6,0,802
2016-08-05,6,8,2016,78.2,0.02,6.7,0,863
2016-08-12,6,8,2016,79.9,0.0,5.3,0,745
2016-08-19,6,8,2016,75.3,0.02,7.9,0,793
2016-08-26,6,8,2016,72.4,0.09,5.5,0,804
2016-09-02,6,9,2016,67.6,0.0,7.9,0,799
2016-09-09,6,9,2016,73.8,0.05,4.6,0,818
2016-09-16,6,9,2016,72.0,0.0,10.2,0,806
2016-09-23,6,9,2016,71.7,0.0,7.3,0,847
2016-09-30,6,9,2016,61.8,0.28,11.0,0,773
2016-10-07,6,10,2016,65.2,0.18,9.1,0,863
2016-10-14,6,10,2016,50.2,0.0,5.0,0,824
2016-10-21,6,10,2016,47.7,0.0,12.0,0,761
2016-10-28,6,10,2016,48.9,0.0,6.6,0,801
2016-11-04,6,11,2016,52.8,0.0,4.4,0,783
2016-11-11,6,11,2016,49.4,0.0,12.1,0,798
2016-11-18,6,11,2016,62.0,0.0,14.8,0,794
2016-11-25,6,11,2016,37.3,0.0,7.0,0,691
2016-12-02,6,12,2016,37.4,0.0,8.8,0,834
2016-12-09,6,12,2016,22.9,0.01,9.8,0,668
2016-12-23,6,12,2016,30.6,0.0,6.1,0,728
2016-12-30,6,12,2016,29.3,0.0,12.0,0,741
2017-01-06,6,1,2017,4.4,0.0,10.2,0,601
2017-01-13,6,1,2017,19.9,0.05,8.5,0,801
2017-01-20,6,1,2017,39.0,0.61,6.2,0,783
2017-01-27,6,1,2017,27.8,0.0,12.4,0,783
2017-02-03,6,2,2017,19.1,0.0,10.6,0,671
2017-02-10,6,2,2017,25.7,0.0,12.0,0,746
2017-02-17,6,2,2017,43.2,0.0,6.9,0,835
2017-02-24,6,2,2017,39.4,0.31,12.0,0,660
2017-03-03,6,3,2017,27.5,0.0,10.6,0,675
2017-03-10,6,3,2017,31.8,0.0,11.8,0,667
2017-03-17,6,3,2017,38.2,0.03,8.1,0,711
2017-03-24,6,3,2017,58.3,0.02,12.5,0,780
2017-03-31,6,3,2017,39.3,1.13,14.1,0,778
2017-04-07,6,4,2017,43.8,0.29,11.1,0,706
2017-04-14,6,4,2017,54.1,0.12,7.7,0,774
2017-04-21,6,4,2017,50.4,0.0,12.7,0,816
2017-04-28,6,4,2017,48.4,0.01,6.5,0,832
2017-05-05,6,5,2017,49.1,0.0,12.0,0,799
2017-05-12,6,5,2017,58.6,0.0,5.3,0,849
2017-05-19,6,5,2017,48.0,0.0,15.6,0,776
2017-05-26,6,5,2017,60.2,0.0,5.2,0,769
2017-06-02,6,6,2017,70.5,0.0,4.0,0,840
2017-06-09,6,6,2017,74.3,0.06,7.5,0,816
2017-06-16,6,6,2017,76.8,0.27,8.8,0,834
2017-06-23,6,6,2017,76.9,0.71,10.7,0,778
2017-06-30,6,6,2017,73.0,0.02,5.7,0,778
2017-07-07,6,7,2017,80.9,0.0,8.7,0,758
2017-07-14,6,7,2017,70.9,0.0,8.3,0,801
2017-07-28,6,7,2017,73.6,0.0,12.0,0,851
2017-08-04,6,8,2017,63.1,0.88,13.3,0,926
2017-08-11,6,8,2017,71.3,0.03,7.0,0,766
2017-08-18,6,8,2017,74.2,0.02,10.7,0,859
2017-08-25,6,8,2017,63.6,0.0,4.7,0,774
2017-09-01,6,9,2017,64.2,0.0,11.4,0,924
2017-09-08,6,9,2017,62.4,0.0,5.6,0,703
2017-09-15,6,9,2017,73.4,0.0,7.7,0,809
2017-09-22,6,9,2017,83.7,0.0,6.0,0,799
2017-09-29,6,9,2017,64.1,0.0,8.7,0,810
2017-10-06,6,10,2017,64.2,0.2,6.0,0,748
2017-10-13,6,10,2017,61.4,0.0,6.0,0,769
2017-10-20,6,10,2017,61.4,0.0,6.2,0,852
2017-10-27,6,10,2017,45.0,0.0,13.1,0,820
2017-11-03,6,11,2017,44.4,0.02,8.3,0,789
2017-11-10,6,11,2017,24.0,0.0,9.2,0,678
2017-11-17,6,11,2017,38.4,0.0,10.5,0,740
2017-11-24,6,11,2017,44.0,0.0,9.4,0,682
2017-12-01,6,12,2017,41.2,0.0,4.6,0,922
2017-12-08,6,12,2017,24.7,0.0,9.9,0,736
2017-12-15,6,12,2017,25.7,0.0,8.2,0,768
2017-12-22,6,12,2017,37.8,0.0,6.2,0,785
2017-12-29,6,12,2017,12.2,0.03,6.5,0,575
2018-01-05,6,1,2018,4.6,0.0,9.4,0,666
2018-01-12,6,1,2018,23.4,0.0,16.4,0,708
2018-01-19,6,1,2018,32.2,0.0,12.9,0,710
2018-01-26,6,1,2018,41.0,0.0,12.0,0,762
2018-02-02,6,2,2018,10.7,0.0,10.2,0,676
2018-02-16,6,2,2018,35.7,0.0,9.5,0,665
2018-02-23,6,2,2018,39.8,0.05,9.9,0,671
2018-03-02,6,3,2018,37.5,0.35,6.8,0,693
2018-03-09,6,3,2018,29.8,0.0,6.1,0,745
2018-03-16,6,3,2018,32.4,0.0,9.7,0,705
2018-03-23,6,3,2018,35.6,0.0,7.4,0,752
2018-03-30,6,3,2018,38.8,0.05,7.7,0,705
2018-04-06,6,4,2018,35.1,0.07,11.6,0,696
2018-04-13,6,4,2018,43.4,0.03,10.7,0,781
2018-04-20,6,4,2018,46.6,0.01,5.0,0,804
2018-04-27,6,4,2018,53.2,0.0,9.8,0,773
2018-05-04,6,5,2018,65.4,0.05,13.2,0,815
2018-05-11,6,5,2018,51.7,0.01,12.0,0,729
2018-05-18,6,5,2018,57.0,0.0,10.2,0,802
2018-05-25,6,5,2018,77.6,0.0,7.0,0,807
2018-06-01,6,6,2018,70.8,0.0,9.4,0,1033
2018-06-08,6,6,2018,64.2,0.0,8.1,0,774
2018-06-15,6,6,2018,74.4,0.0,5.1,0,844
2018-06-22,6,6,2018,62.4,1.66,12.3,0,724
2018-06-29,6,6,2018,82.1,0.0,7.1,0,782
2018-07-06,6,7,2018,74.0,0.02,11.0,0,893
2018-07-13,6,7,2018,81.9,0.0,7.5,0,819
2018-07-20,6,7,2018,75.7,0.03,10.9,0,823
2018-07-27,6,7,2018,70.2,0.0,7.8,0,800
2018-08-03,6,8,2018,77.1,0.0,3.4,0,892
2018-08-10,6,8,2018,76.1,0.43,8.3,0,859
2018-08-17,6,8,2018,74.9,0.61,4.3,0,810
2018-08-24,6,8,2018,68.4,0.0,8.5,0,792
2018-08-31,6,8,2018,69.9,0.0,4.9,0,834
2018-09-07,6,9,2018,67.1,0.49,10.8,0,730
2018-09-14,6,9,2018,73.1,0.0,3.6,0,870
2018-09-21,6,9,2018,79.0,0.0,13.8,0,827
2018-09-28,6,9,2018,58.3,0.0,5.7,0,795
2018-10-05,6,10,2018,57.3,0.19,8.2,0,654
2018-10-12,6,10,2018,40.5,0.0,6.4,0,709
2018-10-19,6,10,2018,49.4,0.0,9.6,0,767
2018-10-26,6,10,2018,48.4,0.0,7.0,0,829
2018-11-02,6,11,2018,44.1,0.0,8.0,0,786
2018-11-09,6,11,2018,34.1,0.08,6.9,0,721
2018-11-16,6,11,2018,34.1,0.07,8.8,0,733
2018-11-23,6,11,2018,39.7,0.0,9.5,0,752
2018-11-30,6,11,2018,33.8,0.0,3.5,0,753
2018-12-07,6,12,2018,20.7,0.0,6.6,0,752
2018-12-21,6,12,2018,34.9,0.15,12.4,0,802
2018-12-28,6,12,2018,41.9,0.71,13.5,0,725
2019-01-04,6,1,2019,37.0,0.0,9.1,0,770
2019-01-11,6,1,2019,23.4,0.0,2.9,0,786
2019-01-18,6,1,2019,29.7,0.0,7.5,0,669
2019-01-25,6,1,2019,1.3,0.0,11.0,0,588
2019-02-01,6,2,2019,6.9,0.07,3.2,0,781
2019-02-08,6,2,2019,11.4,0.15,18.5,0,643
2019-02-15,6,2,2019,22.8,0.0,12.1,0,742
2019-02-22,6,2,2019,28.6,0.0,5.4,0,712
2019-03-01,6,3,2019,26.7,0.0,4.8,0,767
2019-03-08,6,3,2019,28.0,0.0,4.1,0,719
2019-03-15,6,3,2019,38.0,0.36,14.3,0,735
2019-03-22,6,3,2019,40.2,0.0,10.4,0,711
2019-03-29,6,3,2019,46.7,0.0,7.2,0,675
2019-04-05,6,4,2019,43.5,0.15,5.2,0,706
2019-04-12,6,4,2019,47.9,0.35,13.2,0,781
2019-04-19,6,4,2019,44.9,0.28,20.6,0,650
2019-04-26,6,4,2019,55.6,0.21,13.5,0,762
2019-05-03,6,5,2019,47.5,0.61,10.2,0,792
2019-05-10,6,5,2019,49.6,0.79,8.8,0,798
2019-05-17,6,5,2019,57.9,0.45,9.0,0,778
2019-05-24,6,5,2019,62.3,0.23,6.5,0,847
2019-05-31,6,5,2019,70.5,0.0,6.5,0,832
2019-06-14,6,6,2019,64.8,0.05,10.9,0,807
2019-06-21,6,6,2019,62.8,0.04,5.4,0,781
2019-06-28,6,6,2019,75.7,0.02,8.0,0,847
2019-07-05,6,7,2019,81.4,0.0,6.6,0,893
2019-07-12,6,7,2019,71.8,0.0,5.2,0,788
2019-07-19,6,7,2019,85.5,1.36,9.6,0,803
2019-07-26,6,7,2019,75.6,0.0,7.3,0,817
2019-08-02,6,8,2019,72.0,0.0,5.4,0,883
2019-08-09,6,8,2019,72.7,0.0,5.8,0,796
2019-08-16,6,8,2019,71.8,0.0,6.2,0,776
2019-08-23,6,8,2019,67.6,0.0,9.2,0,781
2019-08-30,6,8,2019,69.6,0.0,6.6,0,770
2019-09-06,6,9,2019,67.3,0.0,9.0,0,774
2019-09-13,6,9,2019,72.7,1.35,10.2,0,818
2019-09-20,6,9,2019,74.1,0.01,3.5,0,817
2019-09-27,6,9,2019,63.3,0.0,8.4,0,669
2019-10-04,6,10,2019,51.8,0.57,9.5,0,717
2019-10-11,6,10,2019,59.7,0.2,9.7,0,731
2019-10-18,6,10,2019,46.8,0.0,4.8,0,705
2019-10-25,6,10,2019,44.5,0.0,3.9,0,755
2019-11-01,6,11,2019,30.9,0.11,8.3,0,872
2019-11-08,6,11,2019,23.0,0.0,6.6,0,683
2019-11-15,6,11,2019,27.1,0.0,5.9,0,761
2019-11-22,6,11,2019,36.0,0.42,8.2,0,729
2019-11-29,6,11,2019,35.7,0.0,5.5,0,649
2019-12-06,6,12,2019,38.5,0.0,9.8,0,736
2019-12-13,6,12,2019,39.7,0.0,6.8,0,733
2019-12-20,6,12,2019,29.9,0.0,3.5,0,729
2019-12-27,6,12,2019,36.9,0.0,7.7,0,695
2015-01-03,7,1,2015,31.5,0.09,4.6,0,649
2015-01-10,7,1,2015,4.8,0.0,10.5,0,647
2015-01-17,7,1,2015,34.2,0.0,12.3,0,741
2015-01-24,7,1,2015,32.7,0.0,8.2,0,755
2015-01-31,7,1,2015,27.0,0.0,5.9,0,636
2015-02-07,7,2,2015,29.1,0.0,6.8,0,679
2015-02-14,7,2,2015,18.6,0.0,15.2,0,597
2015-02-21,7,2,2015,21.7,0.01,6.1,0,652
2015-02-28,7,2,2015,6.0,0.0,4.2,0,545
2015-03-07,7,3,2015,31.7,0.0,9.9,0,697
2015-03-14,7,3,2015,51.0,0.0,10.3,0,798
2015-03-21,7,3,2015,42.5,0.0,9.9,0,689
2015-03-28,7,3,2015,26.8,0.01,5.9,0,657
2015-04-04,7,4,2015,39.7,0.0,10.1,0,695
2015-04-11,7,4,2015,47.7,0.0,7.2,0,720
2015-04-18,7,4,2015,59.6,0.0,7.5,0,769
2015-04-25,7,4,2015,43.5,0.16,11.3,0,695
2015-05-02,7,5,2015,62.1,0.0,5.3,0,688
2015-05-09,7,5,2015,59.5,1.01,6.6,0,685
2015-05-16,7,5,2015,69.0,0.02,4.7,0,883
2015-05-23,7,5,2015,61.8,0.0,6.5,0,799
2015-05-30,7,5,2015,64.4,0.22,8.9,0,719
2015-06-06,7,6,2015,60.1,0.0,9.9,0,758
2015-06-20,7,6,2015,62.8,0.0,6.0,0,767
2015-06-27,7,6,2015,64.0,0.13,9.0,0,723
2015-07-04,7,7,2015,69.7,0.0,3.5,0,845
2015-07-11,7,7,2015,70.4,0.0,4.0,0,799
2015-07-18,7,7,2015,78.7,0.06,6.7,0,776
2015-07-25,7,7,2015,79.5,0.0,7.5,0,832
2015-08-01,7,8,2015,75.5,0.0,9.3,0,1051
2015-08-08,7,8,2015,75.3,0.0,6.7,0,849
2015-08-15,7,8,2015,76.6,0.21,6.1,0,827
2015-08-22,7,8,2015,72.1,0.0,9.3,0,845
2015-08-29,7,8,2015,67.6,0.49,5.7,0,762
2015-09-05,7,9,2015,75.4,0.0,6.1,0,766
2015-09-12,7,9,2015,57.6,0.12,10.0,0,724
2015-09-26,7,9,2015,67.0,0.0,6.9,0,792
2015-10-03,7,10,2015,52.1,0.0,16.3,0,710
2015-10-10,7,10,2015,53.2,0.0,4.2,0,729
2015-10-17,7,10,2015,42.5,0.0,9.2,0,706
2015-10-24,7,10,2015,61.8,0.39,12.1,0,766
2015-10-31,7,10,2015,46.8,0.03,9.4,0,721
2015-11-07,7,11,2015,44.3,0.0,9.0,0,691
2015-11-14,7,11,2015,38.9,0.0,6.8,0,697
2015-11-28,7,11,2015,34.7,0.15,10.7,0,659
2015-12-19,7,12,2015,23.3,0.0,11.2,0,666
2015-12-26,7,12,2015,39.1,0.0,8.9,0,641
2016-01-02,7,1,2016,27.0,0.06,9.6,0,578
2016-01-16,7,1,2016,28.4,0.01,11.9,0,653
2016-01-23,7,1,2016,27.8,0.02,6.4,0,723
2016-01-30,7,1,2016,37.5,0.0,9.7,0,743
2016-02-06,7,2,2016,30.5,0.0,6.9,0,697
2016-02-13,7,2,2016,9.4,0.07,11.7,0,596
2016-02-20,7,2,2016,49.1,0.0,14.1,0,705
2016-02-27,7,2,2016,36.7,0.0,10.7,0,693
2016-03-05,7,3,2016,33.5,0.07,8.2,0,701
2016-03-12,7,3,2016,43.3,0.0,3.7,0,746
2016-03-19,7,3,2016,38.5,0.0,7.3,0,701
2016-03-26,7,3,2016,40.1,0.0,6.7,0,735
2016-04-16,7,4,2016,57.6,0.0,6.0,0,734
2016-04-23,7,4,2016,47.6,0.0,7.2,0,694
2016-04-30,7,4,2016,44.8,0.01,10.3,0,605
2016-05-07,7,5,2016,64.6,0.01,12.3,0,742
2016-05-14,7,5,2016,46.3,0.68,12.0,0,723
2016-05-21,7,5,2016,62.5,0.0,8.3,0,792
2016-05-28,7,5,2016,73.0,0.13,12.8,0,791
2016-06-04,7,6,2016,68.8,0.0,6.9,0,828
2016-06-11,7,6,2016,82.4,0.1,8.1,0,815
2016-06-18,7,6,2016,74.3,0.0,5.2,0,764
2016-06-25,7,6,2016,76.7,0.0,7.0,0,812
2016-07-02,7,7,2016,65.5,0.0,4.1,0,758
2016-07-09,7,7,2016,73.1,0.0,9.8,0,729
2016-07-16,7,7,2016,67.3,0.14,4.4,0,780
2016-07-23,7,7,2016,84.6,0.01,3.7,0,814
2016-07-30,7,7,2016,72.3,0.11,8.3,0,927
2016-08-06,7,8,2016,75.7,0.0,6.8,0,829
2016-08-13,7,8,2016,77.0,0.96,7.3,0,827
2016-08-20,7,8,2016,74.7,0.07,9.2,0,847
2016-08-27,7,8,2016,73.6,0.77,7.2,0,819
2016-09-03,7,9,2016,67.9,0.0,5.2,0,831
2016-09-10,7,9,2016,68.8,0.0,8.3,0,768
2016-09-17,7,9,2016,73.9,0.05,8.7,0,834
2016-09-24,7,9,2016,68.5,0.0,8.3,0,833
2016-10-01,7,10,2016,61.0,0.02,6.8,0,867
2016-10-08,7,10,2016,52.4,0.0,6.3,0,715
2016-10-15,7,10,2016,58.0,0.0,10.0,0,823
2016-10-22,7,10,2016,46.6,0.0,6.5,0,774
2016-10-29,7,10,2016,65.8,0.0,11.2,0,831
2016-11-05,7,11,2016,54.7,0.0,5.9,0,821
2016-11-12,7,11,2016,41.8,0.0,6.7,0,780
2016-11-19,7,11,2016,37.9,0.21,18.5,0,678
2016-11-26,7,11,2016,37.8,0.0,6.6,0,719
2016-12-03,7,12,2016,33.3,0.0,6.1,0,761
2016-12-10,7,12,2016,20.1,0.0,7.4,0,612
2016-12-17,7,12,2016,20.4,0.13,6.6,0,615
2016-12-24,7,12,2016,34.9,0.1,5.1,0,604
2016-12-31,7,12,2016,35.5,0.0,13.8,0,704
2017-01-07,7,1,2017,6.5,0.0,8.0,0,618
2017-01-14,7,1,2017,28.9,0.0,4.9,0,685
2017-01-28,7,1,2017,26.7,0.0,11.0,0,731
2017-02-04,7,2,2017,21.6,0.0,8.6,0,639
2017-02-11,7,2,2017,40.9,0.0,5.0,0,705
2017-02-18,7,2,2017,57.5,0.0,7.9,0,749
2017-02-25,7,2,2017,29.3,0.05,12.6,0,599
2017-03-04,7,3,2017,33.2,0.01,9.4,0,633
2017-03-11,7,3,2017,24.0,0.0,8.7,0,660
2017-03-18,7,3,2017,42.3,0.0,11.9,0,675
2017-03-25,7,3,2017,42.7,0.16,11.8,0,695
2017-04-01,7,4,2017,44.6,0.02,5.8,0,835
2017-04-08,7,4,2017,49.9,0.0,9.3,0,696
2017-04-15,7,4,2017,69.7,0.06,12.9,0,820
2017-04-22,7,4,2017,49.7,0.0,9.4,0,701
2017-04-29,7,4,2017,45.5,0.0,13.7,0,617
2017-05-06,7,5,2017,51.0,0.11,10.3,0,713
2017-05-13,7,5,2017,62.1,0.0,7.2,0,724
2017-05-20,7,5,2017,51.4,0.23,10.9,0,664
2017-05-27,7,5,2017,61.7,0.53,5.4,0,801
2017-06-03,7,6,2017,73.4,0.0,5.4,0,825
2017-06-10,7,6,2017,75.6,0.0,9.9,0,785
2017-06-17,7,6,2017,78.0,0.12,8.7,0,827
2017-06-24,7,6,2017,69.6,0.0,11.0,0,819
2017-07-01,7,7,2017,75.1,0.0,8.5,0,937
2017-07-08,7,7,2017,70.5,0.0,6.6,0,760
2017-07-15,7,7,2017,69.7,0.0,4.7,0,889
2017-07-22,7,7,2017,77.4,2.08,7.5,0,755
2017-07-29,7,7,2017,72.0,0.0,9.8,0,800
2017-08-05,7,8,2017,67.7,0.0,7.4,0,928
2017-08-12,7,8,2017,68.4,0.0,7.8,0,813
2017-08-19,7,8,2017,74.2,0.0,5.2,0,892
2017-08-26,7,8,2017,66.9,0.0,5.6,0,780
2017-09-02,7,9,2017,62.3,0.0,4.2,0,773
2017-09-09,7,9,2017,63.5,0.0,7.7,0,736
2017-09-16,7,9,2017,76.9,0.0,7.8,0,826
2017-09-23,7,9,2017,82.7,0.0,5.1,0,830
2017-09-30,7,9,2017,61.1,0.0,7.1,0,746
2017-10-07,7,10,2017,69.5,0.13,13.9,0,713
2017-10-14,7,10,2017,63.6,1.09,6.8,0,648
2017-10-21,7,10,2017,67.5,0.0,11.8,0,816
2017-10-28,7,10,2017,38.5,0.0,10.9,0,717
2017-11-11,7,11,2017,29.5,0.0,8.6,0,688
2017-11-18,7,11,2017,42.8,0.17,11.4,0,699
2017-11-25,7,11,2017,48.9,0.0,11.9,0,714
2017-12-02,7,12,2017,42.1,0.0,4.2,0,758
2017-12-09,7,12,2017,29.8,0.04,12.8,0,659
2017-12-16,7,12,2017,38.1,0.0,8.1,0,772
2017-12-23,7,12,2017,30.6,0.0,9.1,0,714
2017-12-30,7,12,2017,9.7,0.08,10.7,0,622
2018-01-06,7,1,2018,5.3,0.0,5.9,0,589
2018-01-13,7,1,2018,12.9,0.0,12.1,0,618
2018-01-20,7,1,2018,39.2,0.0,10.2,0,731
2018-01-27,7,1,2018,47.2,0.0,14.7,0,755
2018-02-03,7,2,2018,26.2,0.0,10.4,0,630
2018-02-10,7,2,2018,18.8,0.24,9.0,0,535
2018-02-24,7,2,2018,36.2,0.01,8.3,0,680
2018-03-03,7,3,2018,37.8,0.0,6.4,0,666
2018-03-10,7,3,2018,32.5,0.0,4.7,0,685
2018-03-17,7,3,2018,37.2,0.0,10.2,0,778
2018-03-24,7,3,2018,35.6,0.0,13.7,0,651
2018-03-31,7,3,2018,44.0,0.0,12.0,0,691
2018-04-07,7,4,2018,28.2,0.0,9.5,0,635
2018-04-14,7,4,2018,38.8,0.56,18.2,0,689
2018-04-21,7,4,2018,47.4,0.0,3.2,0,677
2018-04-28,7,4,2018,42.4,0.02,12.6,0,679
2018-05-05,7,5,2018,69.7,0.0,6.8,0,853
2018-05-12,7,5,2018,46.4,0.03,11.8,0,700
2018-05-19,7,5,2018,60.1,0.12,5.6,0,759
2018-05-26,7,5,2018,78.9,0.0,7.2,0,857
2018-06-02,7,6,2018,59.5,0.0,9.7,0,821
2018-06-09,7,6,2018,66.1,1.08,5.1,0,818
2018-06-16,7,6,2018,80.8,0.65,8.4,0,829
2018-06-23,7,6,2018,68.1,0.58,5.5,0,840
2018-06-30,7,6,2018,87.1,0.0,9.5,0,867
2018-07-07,7,7,2018,70.6,0.0,7.4,0,833
2018-07-14,7,7,2018,78.3,0.07,4.9,0,788
2018-07-21,7,7,2018,71.5,0.15,10.7,0,800
2018-07-28,7,7,2018,71.2,0.0,5.2,0,807
2018-08-04,7,8,2018,82.0,0.0,7.0,0,907
2018-08-11,7,8,2018,76.9,0.0,5.4,0,861
2018-08-18,7,8,2018,75.3,0.11,7.9,0,912
2018-08-25,7,8,2018,70.9,0.1,8.1,0,841
2018-09-01,7,9,2018,76.4,0.0,8.9,0,989
2018-09-08,7,9,2018,66.7,0.3,14.0,0,792
2018-09-15,7,9,2018,73.5,0.0,5.0,0,811
2018-09-22,7,9,2018,58.6,0.0,11.1,0,800
2018-09-29,7,9,2018,50.4,0.07,4.7,0,734
2018-10-06,7,10,2018,63.6,1.16,5.9,0,725
2018-10-13,7,10,2018,40.9,0.0,6.9,0,744
2018-10-20,7,10,2018,47.6,0.03,12.6,0,807
2018-10-27,7,10,2018,49.1,0.0,5.8,0,788
2018-11-03,7,11,2018,42.2,0.0,5.0,0,784
2018-11-10,7,11,2018,25.0,0.03,11.7,0,653
2018-11-17,7,11,2018,33.8,0.0,5.6,0,671
2018-11-24,7,11,2018,44.9,0.21,10.4,0,697
2018-12-01,7,12,2018,37.7,0.0,10.5,0,827
2018-12-08,7,12,2018,24.3,0.0,3.6,0,740
2018-12-22,7,12,2018,29.9,0.05,6.7,0,762
2018-12-29,7,12,2018,28.8,0.04,6.3,0,699
2019-01-05,7,1,2019,38.9,0.0,6.3,0,794
2019-01-19,7,1,2019,26.4,0.26,16.3,0,524
2019-01-26,7,1,2019,2.1,0.03,4.8,0,535
2019-02-02,7,2,2019,25.6,0.02,9.0,0,725
2019-02-09,7,2,2019,11.8,0.0,5.7,0,758
2019-02-16,7,2,2019,18.6,0.0,6.4,0,679
2019-03-02,7,3,2019,29.1,0.0,6.9,0,665
2019-03-09,7,3,2019,33.5,0.0,10.5,0,621
2019-03-16,7,3,2019,34.4,0.0,10.1,0,766
2019-03-23,7,3,2019,36.5,0.0,3.9,0,691
2019-03-30,7,3,2019,39.7,0.39,10.9,0,663
2019-04-06,7,4,2019,51.7,0.0,3.8,0,743
2019-04-13,7,4,2019,42.4,0.07,11.0,0,756
2019-04-20,7,4,2019,49.5,0.0,16.3,0,730
2019-05-04,7,5,2019,49.5,0.01,5.9,0,701
2019-05-11,7,5,2019,47.6,0.0,6.4,0,696
2019-05-18,7,5,2019,55.7,0.05,8.0,0,758
2019-05-25,7,5,2019,73.6,0.03,9.4,0,876
2019-06-01,7,6,2019,71.0,0.0,8.8,0,935
2019-06-08,7,6,2019,67.0,0.0,8.6,0,888
2019-06-15,7,6,2019,66.5,0.05,10.0,0,832
2019-06-22,7,6,2019,66.5,0.0,8.8,0,827
2019-06-29,7,6,2019,78.4,0.01,4.3,0,867
2019-07-06,7,7,2019,77.7,0.47,8.0,0,817
2019-07-13,7,7,2019,81.9,0.0,8.0,0,893
2019-07-20,7,7,2019,85.0,0.02,11.2,0,831
2019-07-27,7,7,2019,79.7,0.0,11.7,0,826
2019-08-03,7,8,2019,75.4,0.0,3.0,0,872
2019-08-10,7,8,2019,74.2,0.0,4.3,0,801
2019-08-17,7,8,2019,73.3,0.0,4.2,0,812
2019-08-24,7,8,2019,66.8,0.0,7.6,0,819
2019-08-31,7,8,2019,66.9,0.0,7.6,0,775
2019-09-07,7,9,2019,66.3,0.0,7.5,0,739
2019-09-14,7,9,2019,66.7,0.0,7.1,0,764
2019-09-21,7,9,2019,75.1,0.0,8.7,0,758
2019-09-28,7,9,2019,61.3,2.45,11.2,0,700
2019-10-05,7,10,2019,54.6,0.0,7.6,0,726
2019-10-12,7,10,2019,42.7,0.58,12.9,0,733
2019-10-19,7,10,2019,53.4,0.0,7.6,0,719
2019-10-26,7,10,2019,42.1,0.0,6.7,0,561
2019-11-02,7,11,2019,38.0,0.01,9.3,0,665
2019-11-09,7,11,2019,33.6,0.0,9.4,0,712
2019-11-16,7,11,2019,32.8,0.0,4.5,0,665
2019-11-23,7,11,2019,31.0,0.0,4.5,0,702
2019-11-30,7,11,2019,37.3,0.03,10.4,0,664
2019-12-07,7,12,2019,30.7,0.0,5.3,0,702
2019-12-14,7,12,2019,32.8,0.0,5.1,0,682
2019-12-21,7,12,2019,37.5,0.0,6.9,0,747
2019-12-28,7,12,2019,34.1,0.0,4.5,0,640
2015-01-04,1,1,2015,29.0,0.57,10.3,1,514
2015-02-01,1,2,2015,29.1,0.35,11.0,1,565
2015-05-10,1,5,2015,48.5,0.13,8.7,1,740
2015-12-13,1,12,2015,55.0,0.02,8.2,1,649
2015-12-27,1,12,2015,38.4,0.31,12.9,1,628
2016-02-14,1,2,2016,13.9,0.0,8.3,1,515
2016-10-02,1,10,2016,59.7,0.94,6.3,1,708
2016-12-04,1,12,2016,31.5,0.0,2.9,1,596
2016-12-11,1,12,2016,26.0,0.18,8.4,1,513
2017-01-22,1,1,2017,42.8,0.0,4.2,1,742
2017-11-05,1,11,2017,49.5,0.48,4.5,1,773
2017-12-24,1,12,2017,21.1,0.0,6.3,1,506
2018-01-21,1,1,2018,40.2,0.0,3.8,1,718
2018-02-11,1,2,2018,19.5,0.29,8.5,1,538
2018-02-18,1,2,2018,27.1,0.11,8.4,1,587
2018-08-26,1,8,2018,80.8,0.06,4.5,1,792
2018-12-16,1,12,2018,35.1,0.0,5.4,1,752
2019-02-17,1,2,2019,25.3,0.0,10.3,1,618
2019-02-24,1,2,2019,37.4,0.77,17.4,1,547
2019-04-14,1,4,2019,36.8,0.03,14.8,1,537
2019-08-18,1,8,2019,73.5,0.18,7.9,1,761
2015-01-12,2,1,2015,23.1,0.19,9.1,1,608
2015-02-02,2,2,2015,14.5,0.65,14.4,1,473
2015-03-23,2,3,2015,29.1,0.26,10.0,1,592
2015-05-11,2,5,2015,56.4,0.04,8.8,1,749
2015-06-15,2,6,2015,74.8,0.23,5.0,1,742
2015-08-31,2,8,2015,71.0,0.0,2.8,1,745
2015-12-07,2,12,2015,33.7,0.0,4.2,1,690
2016-12-12,2,12,2016,25.2,0.38,10.2,1,629
2016-12-26,2,12,2016,45.1,0.32,14.5,1,647
2017-03-27,2,3,2017,50.4,0.29,6.1,1,722
2017-05-01,2,5,2017,49.6,1.24,10.1,1,866
2018-01-22,2,1,2018,47.2,0.4,8.9,1,724
2018-02-19,2,2,2018,42.3,0.02,9.9,1,624
2018-05-21,2,5,2018,52.8,0.28,6.8,1,715
2018-09-03,2,9,2018,77.1,0.36,5.7,1,778
2018-11-26,2,11,2018,30.1,0.61,19.5,1,562
2019-01-28,2,1,2019,18.4,0.36,8.9,1,522
2019-09-30,2,9,2019,71.2,0.06,5.9,1,755
2019-10-21,2,10,2019,56.2,0.0,11.9,1,713
2015-02-03,3,2,2015,13.5,0.05,6.6,1,513
2015-03-10,3,3,2015,40.5,0.0,5.9,1,754
2015-09-08,3,9,2015,77.0,0.02,6.5,1,717
2016-03-01,3,3,2016,28.3,0.04,15.1,1,823
2016-11-15,3,11,2016,46.0,0.0,3.0,1,712
2016-12-06,3,12,2016,32.9,0.0,6.5,1,688
2017-01-03,3,1,2017,38.2,0.11,5.9,1,721
2017-02-07,3,2,2017,43.8,0.24,6.4,1,695
2017-03-14,3,3,2017,25.2,0.32,12.5,1,475
2017-04-11,3,4,2017,46.8,0.32,8.7,1,704
2018-03-13,3,3,2018,31.9,0.0,8.7,1,639
2018-05-22,3,5,2018,59.0,1.94,4.5,1,796
2018-08-07,3,8,2018,75.3,0.29,4.5,1,787
2019-06-18,3,6,2019,63.9,0.0,3.7,1,716
2019-12-24,3,12,2019,39.8,0.0,5.7,1,624
2015-04-08,4,4,2015,44.5,0.02,8.2,1,679
2015-05-06,4,5,2015,55.6,0.02,5.8,1,740
2015-11-04,4,11,2015,57.5,0.0,6.6,1,791
2015-12-02,4,12,2015,34.8,0.09,6.7,1,716
2015-12-23,4,12,2015,47.1,0.02,11.3,1,754
2015-12-30,4,12,2015,28.8,0.0,7.2,1,603
2016-02-03,4,2,2016,35.6,0.79,9.9,1,682
2016-02-24,4,2,2016,34.8,0.0,16.6,1,578
2016-05-11,4,5,2016,58.2,0.5,5.7,1,759
2017-01-11,4,1,2017,31.6,0.19,12.1,1,663
2017-02-22,4,2,2017,57.7,0.01,7.4,1,703
2017-03-01,4,3,2017,47.1,0.64,9.4,1,754
2017-03-29,4,3,2017,40.9,0.0,9.0,1,669
2019-02-06,4,2,2019,32.8,0.31,6.8,1,637
2015-02-26,5,2,2015,16.8,0.31,10.6,1,518
2015-04-09,5,4,2015,50.5,0.07,8.9,1,648
2015-06-18,5,6,2015,71.6,0.14,7.1,1,769
2016-06-23,5,6,2016,70.3,1.31,6.7,1,801
2017-06-29,5,6,2017,74.4,1.3,12.2,1,776
2017-09-14,5,9,2017,68.4,0.0,3.6,1,734
2018-02-15,5,2,2018,40.8,0.0,6.2,1,701
2018-11-15,5,11,2018,31.0,0.0,3.2,1,695
2019-02-07,5,2,2019,35.6,0.57,8.0,1,671
2019-05-02,5,5,2019,44.3,0.04,8.0,1,702
2019-10-31,5,10,2019,33.4,0.46,14.7,1,590
2016-06-10,6,6,2016,73.8,0.31,7.5,1,764
2016-07-08,6,7,2016,75.9,1.05,8.3,1,792
2016-12-16,6,12,2016,11.7,0.0,7.7,1,696
2017-07-21,6,7,2017,79.7,0.85,4.9,1,758
2018-02-09,6,2,2018,23.6,0.5,8.1,1,506
2018-12-14,6,12,2018,38.8,0.24,5.9,1,795
2019-06-07,6,6,2019,66.2,0.0,7.2,1,824
2015-06-13,7,6,2015,66.1,0.17,6.2,1,813
2015-09-19,7,9,2015,65.5,1.17,9.7,1,791
2015-11-21,7,11,2015,31.9,0.46,8.6,1,528
2015-12-05,7,12,2015,35.8,0.0,7.1,1,707
2015-12-12,7,12,2015,49.7,0.0,3.4,1,751
2016-01-09,7,1,2016,37.1,0.18,5.2,1,651
2016-04-02,7,4,2016,35.2,0.08,15.8,1,651
2016-04-09,7,4,2016,30.0,0.1,11.8,1,689
2017-01-21,7,1,2017,48.2,0.03,7.2,1,787
2017-11-04,7,11,2017,45.7,0.0,8.7,1,757
2018-02-17,7,2,2018,24.7,0.0,6.1,1,604
2018-12-15,7,12,2018,35.2,0.13,6.5,1,746
2019-01-12,7,1,2019,30.2,0.0,7.3,1,675
2019-02-23,7,2,2019,35.6,0.0,8.9,1,647
2019-04-27,7,4,2019,42.4,0.02,8.3,1,629